,chip.X1,chip.X101,chip.X102,chip.X103,chip.X105,chip.X106,chip.X111,chip.X113,chip.X115,chip.X116,chip.X117,chip.X118,chip.X120,chip.X121,chip.X122,chip.X125,chip.X129,chip.X130,chip.X131,chip.X136,chip.X137,chip.X162,chip.X17,chip.X170,chip.X173,chip.X174,chip.X175,chip.X176,chip.X177,chip.X178,chip.X18,chip.X22,chip.X24,chip.X25,chip.X28,chip.X29,chip.X33,chip.X34,chip.X35,chip.X36,chip.X37,chip.X44,chip.X45,chip.X49,chip.X5,chip.X50,chip.X51,chip.X55,chip.X56,chip.X57,chip.X58,chip.X59,chip.X60,chip.X61,chip.X62,chip.X63,chip.X66,chip.X67,chip.X68,chip.X69,chip.X70,chip.X71,chip.X74,chip.X75,chip.X80,chip.X81,chip.X82,chip.X83,chip.X85,chip.X86,chip.X90,chip.X91,chip.X92,chip.X93,chip.X94,chip.X95,chip.X96
Archaea;Euryarchaeota;Methanobacteria;Methanobacteriales;Methanobacteriaceae,0,0,140,5,10,15,38,2,0,14,101,0,1,81,0,11,74,185,35,6,10,4,1,0,45,0,16,0,0,0,14,11,0,24,0,4,2,202,131,14,0,279,222,0,165,0,0,1,12,15,9,4,76,265,139,19,769,214,368,0,3,146,43,0,129,0,0,0,12,7,4,2,36,0,0,0,4
Archaea;Euryarchaeota;Methanomicrobia;Methanomicrobiales;Methanocorpusculaceae,0,0,13,0,0,1,0,0,0,0,0,0,0,1,0,0,0,11,0,0,0,0,1,0,0,0,0,0,0,0,0,1,0,0,0,0,0,0,2,0,0,0,3,0,0,0,0,0,3,3,0,0,0,0,0,0,56,11,20,0,0,0,0,0,0,0,0,0,0,0,0,0,0,0,0,0,0
Archaea;Euryarchaeota;Methanomicrobia;Methanosarcinales;Methanosarcinaceae,0,0,0,3,66,0,0,2,4,1,0,0,1,300,0,5,12,26,0,10,0,0,0,0,9,0,22,0,0,0,1,7,0,2,0,0,27,157,12,0,0,0,31,0,52,0,0,0,47,3,0,0,0,132,38,6,352,77,25,0,0,97,8,1,3,0,0,0,19,0,0,13,41,0,0,0,1
Archaea;Euryarchaeota;Thermoplasmata;Methanomassiliicoccales;Methanomethylophilaceae,0,0,19,6,0,0,0,0,0,0,0,0,0,22,0,1,0,3,0,6,4,0,0,0,0,0,1,0,0,0,0,4,0,0,0,0,16,16,30,4,0,0,7,0,3,0,0,0,2,1,0,0,0,45,11,2,152,15,27,0,0,15,7,0,0,0,0,0,3,0,0,1,66,0,0,0,0
Archaea;Euryarchaeota;Thermoplasmata;Thermoplasmatales;Thermoplasmataceae,0,0,0,0,0,0,0,0,0,0,0,0,0,0,0,0,0,0,0,0,0,0,0,0,0,0,0,2,0,2,0,0,0,0,0,0,0,0,0,0,0,0,0,0,0,0,0,0,0,0,0,0,0,0,0,0,0,0,0,0,0,0,0,0,0,0,0,0,0,0,0,0,0,0,0,0,0
Bacteria;Acidobacteria;Acidobacteriia;Acidobacteriales;Acidobacteriaceae_(Subgroup,0,0,0,0,0,0,0,0,0,0,10,0,0,0,0,1,0,0,0,0,0,0,0,0,0,0,0,0,0,0,0,0,0,0,0,0,0,0,0,0,0,0,0,0,0,0,0,0,0,0,0,0,0,0,0,0,0,0,0,0,0,0,0,0,0,0,0,0,0,0,0,0,0,0,0,0,0
Bacteria;Acidobacteria;Acidobacteriia;Solibacterales;Solibacteraceae_(Subgroup,0,0,0,0,0,0,0,0,0,0,0,0,0,0,0,0,0,0,0,0,0,0,0,0,0,0,0,0,0,0,0,0,0,0,0,0,0,0,0,0,0,0,0,0,0,0,0,0,0,0,0,0,0,0,0,0,3,0,0,0,0,0,0,0,0,0,0,0,0,0,0,0,0,0,0,0,0
Bacteria;Acidobacteria;Acidobacteriia;Subgroup_2;Subgroup_2_fa,0,0,0,0,0,0,0,0,0,0,0,0,0,0,0,0,0,0,0,0,0,0,0,0,0,0,0,0,0,0,0,0,0,0,0,0,0,0,0,0,0,0,0,0,0,0,0,0,0,0,0,0,0,0,0,0,0,0,0,1,0,0,0,0,0,0,0,0,0,0,0,0,0,0,0,0,0
Bacteria;Acidobacteria;Blastocatellia_(Subgroup;Blastocatellales;Blastocatellaceae,0,0,1,0,0,0,0,0,0,0,0,0,0,0,0,0,0,0,0,0,0,0,0,0,0,0,0,0,0,0,0,0,0,0,0,0,0,0,0,0,0,0,0,0,0,0,0,0,0,0,0,0,0,0,0,0,4,0,0,0,0,0,40,0,0,0,0,0,0,0,0,0,0,0,0,0,0
Bacteria;Acidobacteria;Subgroup_6;Subgroup_6_or;Subgroup_6_fa,0,0,0,0,0,0,0,0,0,0,0,0,0,0,0,0,0,0,0,0,0,0,0,0,0,0,0,0,0,0,0,0,0,0,0,0,0,0,0,0,0,0,0,0,0,0,0,0,0,0,0,0,0,0,0,0,11,0,0,0,0,0,0,5,0,0,0,0,0,0,0,0,0,0,0,0,0
Bacteria;Acidobacteria;Subgroup_6;Subgroup_6_unclassified;Subgroup_6_unclassified,0,0,2,0,0,0,0,0,0,0,0,0,0,0,0,0,0,0,0,0,0,0,0,0,0,0,0,0,0,0,0,0,0,0,0,0,0,0,0,0,0,0,0,0,0,0,0,0,0,0,0,0,0,0,0,0,0,0,0,0,0,0,0,0,0,0,0,0,0,0,0,0,0,0,0,0,0
Bacteria;Acidobacteria;Subgroup_6;Unknown_Order;Unknown_Family,0,0,0,0,0,0,0,0,0,0,0,0,0,0,0,0,0,0,0,0,0,0,0,0,0,0,0,0,0,0,0,0,0,0,0,0,0,0,0,0,0,0,0,0,0,0,0,0,0,0,0,0,0,0,0,0,10,0,0,0,0,0,0,0,0,0,0,0,0,0,0,0,0,0,0,0,0
Bacteria;Actinobacteria;Acidimicrobiia;Acidimicrobiia_unclassified;Acidimicrobiia_unclassified,0,0,0,0,0,0,0,0,0,0,0,0,0,0,0,0,0,0,0,0,0,0,0,0,0,0,0,0,0,0,0,0,0,0,0,0,0,0,0,0,0,0,0,0,0,0,0,0,0,0,0,0,0,0,0,0,1,5,0,0,0,0,0,0,0,0,0,0,0,0,0,0,0,0,0,0,0
Bacteria;Actinobacteria;Acidimicrobiia;Microtrichales;Iamiaceae,0,0,5,0,0,0,0,0,0,0,0,0,0,0,0,0,0,12,0,0,0,0,0,0,0,0,0,0,0,0,0,0,0,0,0,0,0,0,0,0,0,0,0,0,9,0,0,0,1,0,1,0,0,0,0,0,26,6,17,0,0,0,0,2,0,0,0,0,0,0,1,0,1,0,0,0,0
Bacteria;Actinobacteria;Acidimicrobiia;Microtrichales;Ilumatobacteraceae,0,0,0,0,0,0,0,0,0,0,0,0,0,0,0,0,0,0,0,0,0,0,0,0,0,0,0,0,0,0,0,0,0,0,0,0,0,0,0,0,0,0,1,0,0,0,0,0,0,0,2,0,0,0,0,0,15,0,0,0,0,0,0,0,2,0,0,0,0,0,0,0,0,0,0,0,0
Bacteria;Actinobacteria;Acidimicrobiia;Microtrichales;Microtrichaceae,0,0,0,0,0,0,0,0,0,0,0,0,0,0,0,0,0,0,0,0,0,0,0,0,0,0,0,0,0,0,0,0,0,0,0,0,0,0,0,0,0,0,0,0,0,0,0,0,0,0,0,0,0,0,0,0,0,0,0,0,0,0,0,1,0,0,0,0,0,0,0,0,0,0,0,0,0
Bacteria;Actinobacteria;Acidimicrobiia;Microtrichales;Microtrichales_unclassified,0,0,0,0,0,0,0,0,0,0,0,0,0,0,0,0,0,0,0,0,0,0,0,0,0,0,0,0,0,0,0,0,0,0,0,0,0,0,0,0,0,0,0,0,0,0,0,0,0,0,2,0,0,0,0,0,6,0,0,1,0,0,0,0,3,0,0,0,0,0,0,0,0,0,0,0,0
Bacteria;Actinobacteria;Acidimicrobiia;Microtrichales;uncultured,0,0,0,0,0,0,0,0,0,0,0,0,0,0,0,0,0,0,0,0,0,0,0,0,0,0,0,0,0,0,0,0,0,0,0,0,0,0,0,0,0,0,0,0,0,0,0,0,0,0,13,0,0,0,0,0,3,5,0,0,0,2,0,0,0,0,0,0,0,0,0,0,0,0,0,0,0
Bacteria;Actinobacteria;Acidimicrobiia;uncultured;uncultured_fa,0,0,0,0,0,0,0,0,0,0,0,0,0,0,0,0,0,0,0,0,0,0,0,0,0,0,0,0,0,0,0,0,0,0,0,0,0,0,0,0,0,2,0,0,0,0,0,0,1,0,0,0,0,0,0,0,0,0,0,0,0,0,0,0,0,0,0,0,0,0,0,0,0,0,0,0,0
Bacteria;Actinobacteria;Actinobacteria;Actinobacteria_unclassified;Actinobacteria_unclassified,0,0,20,2,81,1,1,7,2,0,2,0,11,94,0,12,6,135,15,53,57,2,1,0,0,0,52,0,0,0,11,211,0,10,0,19,55,16,20,15,0,13,207,44,408,0,0,2,55,10,21,27,6,433,53,29,417,28,53,20,10,44,106,14,8,0,0,0,26,12,2,41,60,0,1,0,4
Bacteria;Actinobacteria;Actinobacteria;Actinomycetales;Actinomycetaceae,9,2,306,123,427,1321,60,2987,315,249,34,0,1285,2303,0,108,729,839,420,2424,822,122,81,0,2,0,315,0,0,3,340,1557,0,4257,1,112,659,1036,518,672,1215,149,1685,2089,4843,1835,110,5,1810,1474,1538,1905,63,1030,356,1531,3652,214,534,501,232,315,2777,2208,70,0,7,2,352,64,193,1465,238,80,601,2,166
Bacteria;Actinobacteria;Actinobacteria;Bifidobacteriales;Bifidobacteriaceae,0,1,29,2,2,17,3,0,0,3,8,0,25,314,0,53,20,926,23,0,11,3,0,0,33,0,13,0,0,0,0,0,0,27,0,3,7,72,28,0,0,252,64,25,19,59,97,7,69,48,42,50,38,88,87,1,87,61,945,4,3,37,91,5,335,0,2,0,10,2,5,0,0,2,1,0,0
Bacteria;Actinobacteria;Actinobacteria;Corynebacteriales;Corynebacteriaceae,46,118,10670,526,4149,3066,2958,308,65,755,492,0,6129,19939,7,291,9066,10486,2400,21944,52755,1442,463,1,1323,0,1491,3,0,0,2356,14293,9,2784,1,1205,749,1989,26791,164,1036,2553,12984,5321,49656,315,4773,812,22166,11355,1114,16123,30121,32861,2558,274,37673,1661,23163,1524,8420,1911,23976,1065,1718,6,1038,6,366,1328,21785,1306,5102,41,305,7,22
Bacteria;Actinobacteria;Actinobacteria;Corynebacteriales;Corynebacteriales_unclassified,0,0,1,0,0,0,0,1,0,0,1,0,3,6,0,0,2,1,0,22,37,0,0,0,1,0,0,0,0,0,2,44,0,2,0,0,1,0,0,0,0,0,0,0,13,0,2,0,0,1,2,5,5,19,0,0,7,0,1,0,3,0,1,0,0,0,0,0,4,0,3,0,0,0,0,0,0
Bacteria;Actinobacteria;Actinobacteria;Corynebacteriales;Dietziaceae,0,1,0,0,0,8,14,0,0,0,0,0,3,27,0,1,10,22,9,0,3,0,0,0,34,0,16,0,0,0,53,0,0,0,0,5,0,0,6,0,0,0,34,25,1345,0,10,16,14,5,9,2,119,1210,17,0,77,13,163,10,1,37,27,1,0,0,10,0,1,0,56,0,92,0,0,0,0
Bacteria;Actinobacteria;Actinobacteria;Corynebacteriales;Mycobacteriaceae,0,0,0,0,0,0,0,0,0,0,0,0,0,0,0,0,0,0,0,0,0,0,0,0,0,0,0,0,0,0,0,0,0,0,0,0,0,0,0,0,0,0,0,0,0,0,0,0,0,0,0,0,0,0,0,0,0,4,0,0,0,0,0,0,0,0,0,0,0,0,1,0,0,0,0,0,0
Bacteria;Actinobacteria;Actinobacteria;Corynebacteriales;Nocardiaceae,0,0,0,0,0,0,0,0,0,13,0,0,0,0,0,0,0,0,0,0,0,0,0,0,0,0,0,0,0,0,0,0,0,0,0,0,0,0,0,0,0,0,0,0,0,0,0,0,0,0,0,0,0,0,0,0,2,0,8,0,0,0,115,0,0,0,1,0,0,0,12,0,0,0,0,0,0
Bacteria;Actinobacteria;Actinobacteria;Frankiales;Acidothermaceae,0,0,0,0,0,0,0,0,0,0,0,0,0,0,0,0,0,0,0,0,0,0,0,0,0,0,0,0,0,0,0,0,0,0,0,0,0,0,0,0,0,0,0,0,0,0,0,0,0,0,0,0,0,4,0,0,0,0,0,0,0,0,0,0,0,0,0,0,0,0,0,0,0,0,0,0,0
Bacteria;Actinobacteria;Actinobacteria;Frankiales;Frankiales_unclassified,0,0,0,0,0,0,0,0,0,0,0,0,0,0,0,0,0,0,0,0,0,0,0,0,0,0,0,0,0,0,0,0,0,0,0,0,0,0,0,0,0,0,0,0,0,0,0,0,0,0,0,0,0,0,0,0,0,0,0,0,0,0,27,0,0,0,0,0,0,0,0,0,0,0,0,0,0
Bacteria;Actinobacteria;Actinobacteria;Frankiales;Geodermatophilaceae,0,0,0,0,0,0,0,0,0,0,0,0,0,0,0,0,0,0,0,0,0,0,0,0,0,0,0,0,0,0,2,0,0,0,0,0,0,0,0,0,0,0,0,0,2,0,0,0,0,0,4,0,0,0,0,0,1,0,0,0,0,0,0,0,0,0,0,0,0,0,0,0,0,0,0,0,0
Bacteria;Actinobacteria;Actinobacteria;Frankiales;Nakamurellaceae,0,0,0,0,0,0,0,0,0,0,22,0,0,0,0,0,0,0,0,0,0,0,0,0,0,0,0,0,0,0,0,0,0,0,0,0,0,0,0,0,0,0,0,0,0,0,0,0,0,0,0,0,0,0,0,0,0,0,0,0,0,0,0,0,0,0,0,0,0,0,0,0,0,0,0,0,0
Bacteria;Actinobacteria;Actinobacteria;Glycomycetales;Glycomycetaceae,0,0,0,0,0,0,0,0,0,0,0,0,0,0,0,0,0,0,0,0,0,0,0,0,0,0,0,0,0,0,0,0,0,0,0,0,0,0,0,0,0,0,0,0,0,0,0,0,0,0,0,0,0,0,0,0,9,7,0,0,0,0,0,0,0,0,0,0,0,0,0,0,0,0,0,0,0
Bacteria;Actinobacteria;Actinobacteria;Kineosporiales;Kineosporiaceae,0,0,0,0,0,0,0,0,0,0,0,0,0,0,0,0,0,0,0,0,0,0,0,0,0,0,0,0,0,0,0,0,0,0,0,0,0,0,0,0,0,0,8,0,0,0,0,0,1,0,0,0,0,0,0,0,1,0,0,0,0,0,0,0,0,0,0,0,0,0,0,0,0,0,0,0,0
Bacteria;Actinobacteria;Actinobacteria;Micrococcales;Beutenbergiaceae,0,0,0,0,0,0,0,0,0,0,0,0,0,0,0,0,0,0,2,0,0,0,0,0,0,0,0,0,0,0,0,0,0,0,0,0,0,0,0,0,0,0,0,0,0,0,0,0,0,0,0,0,0,0,2,0,0,0,0,0,0,0,40,0,0,0,0,0,0,0,0,0,0,0,0,0,0
Bacteria;Actinobacteria;Actinobacteria;Micrococcales;Bogoriellaceae,0,0,0,0,0,0,0,0,0,0,0,0,0,2,0,1,1,2,0,0,0,0,0,0,0,0,0,0,0,0,1,0,0,0,0,0,1,1,0,0,0,0,9,0,6,0,0,0,3,1,40,0,0,7,4,1,15,2,0,0,1,1,0,0,0,0,0,0,0,1,0,1,0,0,0,0,0
Bacteria;Actinobacteria;Actinobacteria;Micrococcales;Brevibacteriaceae,3,6,0,1,0,11,0,0,0,12,21,0,2,30,0,6,0,103,14,5,3,0,4,0,10,0,15,0,0,0,82,1,0,0,0,15,3,5,9,0,0,3,61,0,2190,0,0,1,70,6,35,1,23,2512,89,3,150,24,123,0,0,0,47,1,3,0,0,0,3,28,3,0,40,0,1,0,0
Bacteria;Actinobacteria;Actinobacteria;Micrococcales;Cellulomonadaceae,0,0,0,0,0,0,0,0,0,0,0,0,0,0,0,0,0,0,0,0,0,0,0,0,0,0,0,0,0,0,0,0,0,0,0,0,0,0,0,0,0,0,0,0,0,0,0,0,0,0,15,0,0,0,0,0,0,0,0,0,0,0,0,0,0,0,0,0,0,0,0,0,0,0,0,0,0
Bacteria;Actinobacteria;Actinobacteria;Micrococcales;Demequinaceae,0,0,0,0,0,0,0,0,0,0,0,0,0,0,0,0,0,0,0,0,0,0,0,0,0,0,0,0,0,0,0,0,0,0,0,0,0,0,0,0,0,0,0,0,0,0,0,0,0,0,1,0,0,0,0,0,0,0,3,0,0,0,0,0,0,0,0,0,0,0,0,0,0,0,0,0,0
Bacteria;Actinobacteria;Actinobacteria;Micrococcales;Dermabacteraceae,1,0,9,0,0,1,0,1,0,12,0,0,0,57,0,2,0,31,13,0,3,3,0,0,4,0,2,0,0,0,10,0,0,13,0,1,0,13,48,0,0,24,26,0,826,0,2,0,20,5,10,3,34,959,44,2,157,6,66,11,0,0,96,0,15,0,0,0,2,0,4,4,33,0,0,0,0
Bacteria;Actinobacteria;Actinobacteria;Micrococcales;Dermacoccaceae,0,0,0,0,0,0,0,0,0,0,0,0,0,0,0,0,0,1,0,0,0,0,0,0,0,0,0,0,0,0,0,1,0,0,0,0,0,0,0,0,0,0,0,0,0,0,0,0,0,0,0,0,0,0,1,0,0,0,0,0,0,0,33,0,0,0,0,0,0,0,6,0,0,0,0,0,0
Bacteria;Actinobacteria;Actinobacteria;Micrococcales;Dermatophilaceae,0,0,11,0,0,0,0,0,0,0,0,0,0,0,0,0,0,0,0,0,0,0,0,0,0,0,0,0,0,0,0,1,0,0,0,2,0,0,0,0,0,0,7,0,5,0,0,0,2,4,0,0,0,6,0,0,35,10,57,0,0,0,271,0,0,0,0,0,0,0,0,0,0,0,0,0,0
Bacteria;Actinobacteria;Actinobacteria;Micrococcales;Intrasporangiaceae,0,0,18,0,0,0,0,0,0,0,0,0,0,2,0,2,1,9,0,0,0,0,2,0,0,0,2,0,0,0,17,0,0,5,0,0,0,0,6,0,0,0,23,0,111,0,0,3,25,1,27,0,14,950,21,0,176,25,97,14,0,26,313,2,2,0,0,0,2,0,0,0,214,0,1,0,0
Bacteria;Actinobacteria;Actinobacteria;Micrococcales;Jonesiaceae,0,0,0,0,0,0,0,0,0,0,0,0,0,0,0,0,0,0,0,0,0,0,0,0,0,0,0,0,0,0,0,0,0,0,0,0,0,0,0,0,0,0,0,0,0,0,0,0,0,0,11,0,0,0,0,0,0,0,29,0,0,0,0,0,0,0,0,0,0,0,0,0,0,0,0,0,0
Bacteria;Actinobacteria;Actinobacteria;Micrococcales;Microbacteriaceae,1,0,2,2,0,1,0,0,0,0,0,0,14,16,0,4,6,43,32,5,1,1,5,0,26,0,2,0,0,0,35,2,0,0,0,4,0,0,13,3,0,0,191,0,1040,0,4,1,385,36,62,1,16,180,25,0,255,15,154,3,1,21,722,0,24,0,0,0,0,5,5,0,91,0,0,0,0
Bacteria;Actinobacteria;Actinobacteria;Micrococcales;Micrococcaceae,2,11,80,5,32,20,15,1,1,20,75,0,248,145,0,9,32,198,21,3,2035,4,6,0,139,0,32,0,0,0,62,377,0,176,0,48,83,12,23,36,0,117,303,19,4833,6,11,9,178,18,69,8,77,3335,67,5,1212,146,771,56,15,109,592,42,100,0,1,1,6,17,6,36,732,2,0,0,1
Bacteria;Actinobacteria;Actinobacteria;Micrococcales;Micrococcales_Incertae_Sedis,0,0,0,0,0,0,0,0,0,0,0,0,0,0,0,0,0,0,0,0,0,0,0,0,1,0,0,0,0,0,0,0,0,0,0,0,0,0,0,0,0,0,0,1,0,0,0,0,0,0,17,0,0,0,0,0,0,0,0,0,0,0,0,0,0,0,0,0,0,0,0,0,0,0,0,0,0
Bacteria;Actinobacteria;Actinobacteria;Micrococcales;Micrococcales_unclassified,0,5,41,1,111,8,0,17,4,0,0,0,18,42,1,22,0,250,3,60,465,0,1,0,64,0,76,0,0,0,45,299,0,10,0,3,9,43,9,3,0,4,32,34,488,0,3,1,26,6,67,4,0,214,33,11,401,49,38,3,1,10,930,12,42,0,0,0,11,0,0,38,6,1,0,0,0
Bacteria;Actinobacteria;Actinobacteria;Micrococcales;Promicromonosporaceae,0,1,0,1,8,0,0,0,0,0,0,0,1,2,0,0,0,0,0,0,0,1,0,0,0,0,0,0,0,0,0,0,0,5,0,0,0,0,1,0,3,0,6,0,11,0,0,0,3,0,6,0,0,2,0,0,6,0,0,0,0,0,0,0,0,0,3,0,0,0,6,0,22,0,0,0,0
Bacteria;Actinobacteria;Actinobacteria;Micrococcales;Ruaniaceae,0,0,0,0,0,0,0,0,0,0,0,0,0,0,0,0,0,0,0,0,0,0,0,0,0,0,0,0,0,0,2,0,0,0,0,0,0,0,0,0,0,0,0,0,0,0,0,0,0,0,0,0,0,0,0,0,0,0,0,0,0,0,0,0,0,0,0,0,0,0,0,0,0,0,0,0,0
Bacteria;Actinobacteria;Actinobacteria;Micrococcales;Sanguibacteraceae,0,0,2,0,0,0,0,0,0,0,0,0,0,0,0,0,2,0,0,0,0,0,0,0,0,0,0,0,0,0,0,0,0,0,0,0,0,0,0,0,0,0,0,0,2,0,0,0,6,0,0,0,5,0,1,0,0,0,0,0,0,0,0,0,0,0,0,0,0,0,0,0,0,0,0,0,0
Bacteria;Actinobacteria;Actinobacteria;Micrococcales;uncultured,0,0,0,0,0,0,0,0,0,0,0,0,0,0,0,0,0,0,0,0,0,0,0,0,0,0,0,0,0,0,0,0,0,0,0,0,0,0,0,0,0,0,0,0,0,0,0,0,0,0,13,0,0,0,0,0,0,0,0,0,0,0,0,0,0,0,0,0,0,0,0,0,0,0,0,0,0
Bacteria;Actinobacteria;Actinobacteria;Micromonosporales;Micromonosporaceae,0,0,0,0,0,0,0,0,0,0,0,0,0,0,0,0,0,0,0,0,0,0,0,0,0,0,0,0,0,0,2,0,0,0,0,0,0,0,0,0,0,0,0,0,0,0,0,0,0,0,0,0,0,0,0,0,0,0,0,0,0,0,0,0,0,0,0,0,0,0,0,0,0,0,0,0,0
Bacteria;Actinobacteria;Actinobacteria;Propionibacteriales;Nocardioidaceae,0,0,32,0,0,0,0,0,0,0,0,0,0,2,0,0,0,12,0,0,0,0,0,0,0,0,3,0,0,0,0,0,0,0,0,0,1,3,4,1,0,1,10,0,18,4,0,1,16,1,14,1,2,0,0,0,132,14,58,0,1,3,2,1,1,0,0,0,0,0,0,2,63,0,0,0,0
Bacteria;Actinobacteria;Actinobacteria;Propionibacteriales;Propionibacteriaceae,0,0,0,0,0,0,0,0,0,0,0,0,0,0,0,0,0,0,0,0,0,0,0,0,0,0,0,0,0,0,0,1,0,0,0,0,0,0,0,0,0,0,3,0,40,0,0,0,1,0,0,0,0,0,0,0,2,0,1,0,0,0,1,0,0,0,0,0,0,0,0,6,0,0,0,0,0
Bacteria;Actinobacteria;Actinobacteria;Pseudonocardiales;Pseudonocardiaceae,0,0,8,0,0,0,0,0,0,0,0,0,0,0,0,0,0,0,0,0,0,0,0,0,0,0,5,0,0,0,0,0,0,0,0,0,0,0,0,0,0,0,0,0,1,0,0,0,0,0,13,0,0,2,0,0,0,0,0,0,0,0,0,0,0,0,0,0,0,0,0,0,0,0,0,0,0
Bacteria;Actinobacteria;Actinobacteria;Streptomycetales;Streptomycetaceae,0,0,0,0,0,0,0,0,0,0,0,0,0,0,0,0,2,7,3,0,0,0,0,0,0,0,0,0,0,0,2,0,0,0,0,13,0,0,0,0,20,0,0,0,0,0,0,0,0,0,1,0,0,0,8,0,1,0,0,0,0,0,0,0,0,0,0,0,0,2,0,0,0,0,0,0,0
Bacteria;Actinobacteria;Actinobacteria;Streptosporangiales;Nocardiopsaceae,0,0,0,0,0,0,0,0,0,0,0,0,0,0,0,0,0,0,0,0,0,0,0,0,0,0,0,0,0,0,1,0,0,0,0,0,0,0,0,0,0,0,0,0,16,0,0,0,0,0,6,0,0,0,0,0,5,0,0,0,0,0,0,0,0,0,0,0,0,0,0,0,0,0,0,0,0
Bacteria;Actinobacteria;Actinobacteria_unclassified;Actinobacteria_unclassified;Actinobacteria_unclassified,0,0,44,1,27,8,0,3,1,0,18,0,3,264,0,11,12,106,2,14,0,0,0,0,0,0,5,0,0,0,2,31,0,0,0,0,19,24,45,0,0,0,55,0,42,0,13,0,71,21,20,1,2,53,16,1,315,3,0,0,0,11,0,7,7,0,1,0,10,0,14,6,137,0,1,0,5
Bacteria;Actinobacteria;Coriobacteriia;Coriobacteriales;Atopobiaceae,2,0,22,2,7,3,10,0,0,0,0,0,5,108,0,0,11,388,33,3,0,0,1,0,64,0,7,0,0,0,5,1,0,0,0,9,2,10,19,12,0,65,9,0,83,24,20,1,28,5,29,2,8,90,9,3,205,37,152,38,3,124,16,0,49,0,0,0,0,3,1,2,12,0,0,0,2
Bacteria;Actinobacteria;Coriobacteriia;Coriobacteriales;Coriobacteriaceae,0,0,0,0,0,0,0,0,0,0,0,0,0,0,0,0,0,0,0,0,0,0,0,0,0,0,0,0,0,0,0,0,0,0,0,0,0,0,0,0,0,0,0,0,0,0,0,0,0,0,0,0,1,0,0,0,0,0,0,0,0,0,0,0,0,0,0,0,0,0,0,0,0,0,0,0,0
Bacteria;Actinobacteria;Coriobacteriia;Coriobacteriales;Coriobacteriales_Incertae_Sedis,0,0,5,0,0,8,0,1,0,0,0,0,0,5,0,6,0,0,5,0,2,0,2,0,27,0,2,0,0,0,1,0,0,0,0,6,0,0,0,3,0,1,4,0,9,0,0,0,2,0,1,0,8,8,10,0,45,10,65,0,0,3,0,0,1,0,0,0,5,112,3,4,0,2,0,0,0
Bacteria;Actinobacteria;Coriobacteriia;Coriobacteriales;Coriobacteriales_unclassified,0,0,30,1,0,7,0,0,0,0,0,0,0,34,0,1,5,16,5,1,0,1,1,0,4,0,2,0,0,0,0,1,0,2,0,0,4,3,0,2,0,60,47,0,11,0,0,1,4,4,1,2,0,0,4,0,113,32,60,0,2,62,0,1,35,0,0,0,4,4,0,0,0,0,0,0,0
Bacteria;Actinobacteria;Coriobacteriia;Coriobacteriales;Eggerthellaceae,0,0,120,6,0,56,0,1,0,0,24,0,1,117,0,12,30,149,75,5,4,0,7,0,22,0,49,0,0,0,5,5,0,0,0,15,5,38,21,36,0,525,120,44,176,29,3,0,51,7,16,9,76,185,25,1,572,150,454,39,11,549,2,3,70,0,1,0,19,0,19,5,18,7,0,0,0
Bacteria;Actinobacteria;Coriobacteriia;Coriobacteriales;uncultured,0,0,9,0,0,0,0,0,0,0,0,0,0,0,0,0,0,2,1,0,0,0,0,0,0,0,0,0,0,0,0,0,0,0,0,0,0,0,0,0,0,0,3,0,2,0,0,0,0,0,0,0,0,0,0,0,13,5,0,0,0,0,0,0,0,0,0,0,0,0,0,0,0,0,0,0,0
Bacteria;Actinobacteria;Coriobacteriia;OPB41;OPB41_fa,0,0,0,0,0,0,0,0,0,0,0,0,0,0,0,0,0,0,0,0,0,0,0,0,0,0,0,0,0,0,0,0,0,0,0,0,0,0,0,0,0,0,0,0,0,0,0,0,0,0,0,0,0,0,0,0,0,0,0,0,0,0,0,1,0,0,0,0,0,0,0,0,0,0,0,0,0
Bacteria;Actinobacteria;Nitriliruptoria;Nitriliruptorales;Nitriliruptoraceae,0,0,0,0,0,0,0,0,0,0,0,0,0,0,0,0,0,0,0,0,0,0,0,0,0,0,0,0,0,0,0,0,0,0,0,0,0,0,0,0,0,0,0,0,0,0,0,0,0,0,7,0,0,0,0,0,0,0,0,0,0,0,0,0,0,0,0,0,0,0,0,0,11,0,0,0,0
Bacteria;Actinobacteria;Thermoleophilia;Gaiellales;uncultured,0,0,0,0,0,0,0,0,0,0,0,0,0,0,0,0,0,0,0,0,0,0,0,0,0,0,0,0,0,0,0,0,0,0,0,0,0,0,0,0,0,0,0,0,0,0,0,0,1,0,0,0,0,0,0,0,0,0,0,5,0,0,0,0,0,0,0,0,0,0,0,0,0,0,0,0,0
Bacteria;Actinobacteria;Thermoleophilia;Solirubrobacterales;67-14,0,0,0,0,0,1,0,0,0,0,0,0,0,0,0,0,0,0,0,0,0,0,0,0,0,0,0,0,0,0,0,0,0,0,0,0,0,0,0,0,0,0,0,0,0,0,0,0,0,0,0,0,0,0,0,0,24,0,0,0,0,0,0,0,0,0,0,0,0,0,0,0,0,0,0,0,0
Bacteria;Actinobacteria;Thermoleophilia;Solirubrobacterales;Solirubrobacteraceae,0,0,0,0,0,0,0,0,0,0,0,0,4,0,0,0,0,26,4,0,1,0,2,0,0,0,0,0,0,0,0,1,0,0,0,0,0,0,0,0,0,7,0,0,0,0,0,0,0,0,0,0,0,0,6,0,0,0,0,0,0,0,0,0,0,0,0,0,0,0,0,0,0,0,0,0,0
Bacteria;Actinobacteria;Thermoleophilia;Thermoleophilia_unclassified;Thermoleophilia_unclassified,0,0,0,0,0,0,29,0,0,0,0,0,0,0,0,0,0,0,0,0,0,0,0,0,0,0,0,0,0,0,0,0,0,0,0,0,0,0,0,0,0,0,0,0,0,0,0,0,0,0,6,0,0,0,0,0,17,0,0,0,0,0,0,0,0,0,0,0,0,0,0,0,0,0,0,0,0
Bacteria;Armatimonadetes;Armatimonadia;Armatimonadales;Armatimonadaceae,0,0,0,0,0,0,0,0,0,0,0,0,0,0,0,0,0,0,0,0,0,0,0,0,0,0,0,0,0,0,0,0,0,0,0,0,0,0,0,0,0,0,0,0,0,0,0,0,0,0,0,0,0,0,0,0,0,0,0,0,0,0,7,0,0,0,0,0,0,0,0,0,0,0,0,0,0
Bacteria;Armatimonadetes;Armatimonadia;Armatimonadales;Armatimonadales_fa,0,0,0,0,0,0,0,0,0,0,0,0,0,0,0,0,0,0,0,0,0,0,0,0,0,0,0,0,0,0,0,0,0,0,0,0,0,0,1,0,0,0,0,0,0,0,0,0,0,0,0,0,0,0,0,0,0,0,0,0,0,0,29,0,0,0,0,0,0,0,0,0,0,0,0,0,0
Bacteria;BRC1;BRC1_cl;BRC1_or;BRC1_fa,0,0,0,0,0,0,0,0,0,0,0,0,0,0,0,0,0,0,0,0,0,0,0,0,0,0,0,0,0,0,0,0,0,0,0,0,0,0,0,0,0,0,0,0,0,0,0,0,0,0,8,0,0,0,0,0,0,0,0,0,0,0,26,0,0,0,0,0,0,0,0,0,0,0,0,0,0
Bacteria;Bacteria_unclassified;Bacteria_unclassified;Bacteria_unclassified;Bacteria_unclassified,103,13,1607,8722,5719,14314,141,25676,2160,12470,843,5,14723,5405,8,38102,8298,1605,23464,2966,957,5099,36301,0,5,6,4239,0,8,0,34953,3792,5,115713,11,2680,17370,17514,1619,15990,2680,148,35094,6916,39728,21587,24,41,7055,15168,56147,3852,371,7665,18617,54033,12817,5232,358,21265,1088,580,4162,76514,108,33,16,10,37104,6919,323,48823,3164,33470,4734,11,4489
Bacteria;Bacteroidetes;Bacteroidetes_unclassified;Bacteroidetes_unclassified;Bacteroidetes_unclassified,26,2,2,127,8,365,6,895,15,36,22,0,3,14,1,3743,10,3,2688,7,0,235,3076,0,0,0,9,0,0,0,2858,0,2,47286,3,332,6643,4466,5,214,60,0,404,239,14,1185,0,0,1,16,4,130,0,1717,2976,13,311,893,0,270,1,0,1,931,1,0,0,1,84,12096,3,21,3151,2149,80,1,3
Bacteria;Bacteroidetes;Bacteroidia;Bacteroidales;Bacteroidaceae,0,9,821,11,18,19,12,34,12,9,20,0,31,114,1,17,23,671,111,33,22,2,13,0,164,0,20,0,0,0,0,27,0,17,0,28,6,15,129,38,0,104,397,36,84,2,13,10,93,61,295,19,21,201,93,538,1455,440,509,31,14,951,60,36,184,0,2,0,13,10,54,6,139,0,6,1,5
Bacteria;Bacteroidetes;Bacteroidia;Bacteroidales;Bacteroidales_RF16_group,1,2,405,0,14,1,12,2,5,0,24,0,11,59,0,13,16,689,57,0,9,2,1,0,72,0,3,0,0,0,0,13,0,8,0,11,11,0,12,5,0,38,239,0,46,0,7,2,48,23,38,16,21,177,35,1,603,171,477,8,9,380,52,2,118,0,0,0,14,3,6,0,29,0,0,0,3
Bacteria;Bacteroidetes;Bacteroidia;Bacteroidales;Bacteroidales_UCG-001,0,0,13,0,0,0,0,0,1,0,0,0,0,0,0,0,0,0,1,0,1,0,0,0,0,0,1,0,0,0,0,0,0,0,0,0,0,0,3,0,0,0,0,0,16,0,0,0,0,0,12,0,0,0,1,0,12,3,0,0,0,27,0,0,5,0,0,0,0,0,0,0,0,0,0,0,0
Bacteria;Bacteroidetes;Bacteroidia;Bacteroidales;Bacteroidales_fa,0,0,92,0,0,0,0,0,0,0,0,0,0,0,0,0,6,0,7,0,0,0,0,0,0,0,0,0,0,0,0,0,0,0,0,0,0,0,0,0,0,0,3,0,0,0,0,0,0,0,0,1,8,0,1,0,22,14,29,0,0,3,0,0,0,0,0,0,0,0,0,0,0,0,0,0,0
Bacteria;Bacteroidetes;Bacteroidia;Bacteroidales;Bacteroidales_unclassified,0,0,234,7,1616,20,1,98,2,7,50,0,13,457,0,46,55,482,46,307,9,7,63,1,124,0,124,0,0,0,12,93,0,24,0,60,49,148,431,33,0,71,247,108,63,0,19,13,324,52,145,30,31,79,32,33,835,88,268,9,21,392,163,143,74,0,0,0,11,14,28,49,200,1,3,0,18
Bacteria;Bacteroidetes;Bacteroidia;Bacteroidales;Barnesiellaceae,1,0,36,0,0,0,0,0,0,0,0,0,4,0,0,1,2,17,7,0,1,0,2,0,0,0,0,0,0,0,0,1,0,0,0,0,0,0,0,0,0,0,8,0,0,0,0,0,1,2,9,1,0,4,3,1,44,16,1,0,2,59,0,0,0,0,0,0,0,0,0,0,0,0,0,0,0
Bacteria;Bacteroidetes;Bacteroidia;Bacteroidales;Dysgonomonadaceae,0,0,17,7,399,13,0,14,0,1,0,0,16,397,0,13,39,269,18,16,1,6,5,0,0,0,8,0,0,0,25,10,0,153,0,8,23,145,104,3,0,94,809,0,151,7,2,0,143,51,246,8,10,362,69,20,1127,128,1153,49,1,75,28,54,91,2,1,0,17,57,0,8,139,1,1,0,4
Bacteria;Bacteroidetes;Bacteroidia;Bacteroidales;F082,0,0,4,0,6,0,0,0,0,0,2,0,0,0,0,1,0,17,0,0,2,0,0,0,3,0,1,0,0,0,0,1,0,0,0,0,0,0,0,0,0,0,0,0,1,0,0,0,0,1,3,0,0,5,0,0,38,4,7,3,0,1,0,0,0,0,0,0,0,0,10,0,5,0,0,0,0
Bacteria;Bacteroidetes;Bacteroidia;Bacteroidales;GZKB124,0,0,0,0,0,0,0,0,0,0,0,0,0,0,0,0,0,0,0,0,0,0,0,0,0,0,0,0,0,0,0,0,0,0,0,0,0,0,0,0,0,0,0,0,0,0,0,0,0,0,0,0,0,0,2,0,0,0,0,0,0,0,0,0,0,0,0,0,0,0,0,0,0,0,0,0,0
Bacteria;Bacteroidetes;Bacteroidia;Bacteroidales;M2PB4-65_termite_group,0,0,0,0,0,0,0,0,0,0,25,0,0,0,0,0,0,0,0,0,0,0,0,0,0,0,1,0,0,0,1,0,0,0,0,0,0,0,0,5,0,0,0,0,7,0,0,0,0,0,50,0,0,12,17,2,35,0,0,0,0,13,8,0,0,0,0,0,0,0,0,0,31,0,0,0,0
Bacteria;Bacteroidetes;Bacteroidia;Bacteroidales;Marinifilaceae,0,0,14,0,0,0,0,0,0,0,0,0,1,0,0,1,0,0,2,0,0,0,0,0,0,0,0,0,0,0,0,0,0,0,0,0,0,0,0,0,0,0,0,0,0,0,0,0,2,0,1,0,0,0,0,0,29,24,0,0,0,0,1,0,5,0,0,0,0,0,0,0,0,0,0,0,0
Bacteria;Bacteroidetes;Bacteroidia;Bacteroidales;Marinilabiliaceae,0,0,0,0,0,0,0,0,0,0,0,0,5,14,0,0,5,14,0,0,0,0,0,0,0,0,0,0,0,0,0,0,0,0,0,0,0,0,0,0,0,0,9,0,0,0,0,0,1,0,35,1,0,7,2,2,3,3,0,0,0,20,0,0,1,0,0,0,0,0,0,0,0,0,0,0,0
Bacteria;Bacteroidetes;Bacteroidia;Bacteroidales;MgMjR-022,0,0,0,0,0,0,0,0,0,0,0,0,0,0,0,0,0,0,0,0,0,0,0,0,0,0,0,0,0,0,0,0,0,0,0,0,0,0,0,11,0,0,0,0,0,0,0,0,0,0,0,0,0,0,0,0,0,0,0,0,0,0,0,0,0,0,0,0,0,0,0,0,0,0,0,0,0
Bacteria;Bacteroidetes;Bacteroidia;Bacteroidales;Muribaculaceae,0,1,292,1,0,0,0,0,0,0,30,1,4,26,0,4,0,296,40,3,0,0,4,0,10,0,1,0,0,0,2,1,0,0,0,1,3,0,7,13,0,19,30,18,16,0,0,3,7,22,42,4,3,68,17,2,208,83,101,17,1,63,3,0,231,0,0,0,4,2,0,8,28,0,3,0,0
Bacteria;Bacteroidetes;Bacteroidia;Bacteroidales;Paludibacteraceae,1,1,450,1,157,1,0,3,0,20,23,0,10,64,0,5,14,254,30,0,12,0,1,0,90,0,1,0,0,0,0,5,0,3,0,7,2,21,15,4,0,52,106,12,0,4,1,0,24,12,37,7,11,91,24,7,442,153,71,0,5,151,45,4,102,0,0,0,3,4,12,3,48,0,1,0,1
Bacteria;Bacteroidetes;Bacteroidia;Bacteroidales;PeH15,0,0,5,13,0,0,0,0,2,0,4,0,0,18,0,6,12,1,1,35,0,0,0,0,0,0,0,0,0,0,5,31,0,32,0,49,10,2325,284,1,0,0,0,0,28,0,0,0,3,9,13,0,0,1504,450,62,4909,22,0,0,0,0,0,0,29,0,0,0,11,0,3,0,186,0,16,0,0
Bacteria;Bacteroidetes;Bacteroidia;Bacteroidales;Porphyromonadaceae,9,8,1332,1794,5946,10055,71,4502,303,73,92,0,539,3145,1,713,1642,2992,2192,2654,4,1182,405,0,31,0,324,0,0,1,679,38,0,12444,2,165,2310,4149,2273,468,1033,172,4411,7791,676,1857,5,33,7004,5674,19327,9334,784,1013,855,498,1700,3003,348,9235,819,293,584,13980,148,8,1,3,181,1879,121,1301,751,4007,541,2,149
Bacteria;Bacteroidetes;Bacteroidia;Bacteroidales;Prevotellaceae,0,8,1655,28,251,614,212,58,22,26,125,1,97,205,1,50,158,2059,364,7,82,40,41,0,367,0,60,0,0,0,12,57,0,1059,0,82,25,171,97,164,0,325,678,148,254,124,59,8,210,227,243,254,123,566,147,57,2636,899,2093,442,18,2845,237,248,417,1,7,0,16,128,160,25,657,15,10,0,21
Bacteria;Bacteroidetes;Bacteroidia;Bacteroidales;Rikenellaceae,0,12,1935,10,121,30,24,22,6,9,132,0,50,198,0,27,104,1873,206,7,69,8,36,0,280,0,32,0,0,0,7,76,0,31,0,50,24,28,115,43,0,260,439,384,42,17,14,22,143,144,233,59,99,556,134,12,3539,1067,1594,30,27,1652,152,18,589,0,2,0,39,3,121,11,383,0,4,0,11
Bacteria;Bacteroidetes;Bacteroidia;Bacteroidales;Tannerellaceae,0,0,22,0,0,0,1,0,0,0,0,0,1,0,0,0,0,22,0,0,0,0,0,0,2,0,0,0,0,0,0,1,0,0,0,0,0,0,0,0,0,5,3,0,0,0,0,0,0,0,0,1,13,0,2,0,33,2,16,0,0,4,0,0,1,0,0,0,0,0,2,0,0,0,0,0,0
Bacteria;Bacteroidetes;Bacteroidia;Bacteroidales;p-251-o5,0,2,0,0,2,0,0,0,0,0,17,0,2,0,0,1,3,0,8,0,1,0,0,0,0,0,0,0,0,0,0,0,0,0,0,0,1,0,16,0,0,7,0,0,0,0,0,0,6,0,2,0,0,1,40,0,0,0,76,2,0,82,0,0,0,0,0,0,0,0,0,0,0,0,0,0,0
Bacteria;Bacteroidetes;Bacteroidia;Bacteroidales;p-2534-18B5_gut_group,0,3,5,0,0,0,0,0,0,0,0,0,0,6,0,1,0,55,0,0,3,0,2,0,0,0,1,0,0,0,0,0,0,0,0,5,3,0,1,0,0,0,16,0,3,0,2,2,3,2,6,1,0,0,0,0,65,28,0,0,0,0,0,0,19,0,1,0,0,0,4,1,44,0,0,0,1
Bacteria;Bacteroidetes;Bacteroidia;Bacteroidales;uncultured,1,2,430,4,5,0,5,5,0,0,1,0,8,24,0,6,10,144,29,0,9,0,7,0,17,0,6,0,0,0,0,8,0,0,0,2,0,0,5,0,0,23,55,0,5,0,0,1,30,17,15,2,9,81,7,0,583,238,166,11,1,175,36,0,52,0,0,0,1,3,2,0,30,0,0,0,3
Bacteria;Bacteroidetes;Bacteroidia;Bacteroidetes_VC2.1_Bac22;Bacteroidetes_VC2.1_Bac22_fa,0,0,0,0,0,0,0,0,0,0,0,0,0,0,0,0,0,0,0,0,0,0,0,0,0,0,0,0,0,0,0,0,0,0,0,0,0,0,0,0,0,0,0,0,0,0,0,0,0,0,11,0,0,0,1,0,12,0,0,0,0,0,0,0,0,0,0,0,0,0,0,0,0,0,0,0,0
Bacteria;Bacteroidetes;Bacteroidia;Bacteroidia_unclassified;Bacteroidia_unclassified,22,7,214,8011,7673,23279,96,18700,11647,41179,533,2,384,1205,0,161,2169,109,548,674,42,11165,67,4,13,11,13659,4,3,4,340,91,0,33042,8,759,814,954,257,51692,2557,14,23639,12761,234,36753,12,3,1603,3482,2712,4046,84,328,314,62,1106,332,19,18068,69,122,425,26307,16,8,0,5,372,236,210,284,12795,392,111,6,5417
Bacteria;Bacteroidetes;Bacteroidia;Chitinophagales;Chitinophagaceae,0,0,8,1,11,2,2,0,0,54,44,0,2,1,0,2,0,19,1,0,0,1,0,0,9,0,0,80,3,0,1,0,0,8,0,2,1,9,26,4,39,32,16,57,3,4,5,0,2,1,3,5,1,11,6,1,19,4,13,32,0,69,570,8,10,0,3,0,3,17,24,0,53,0,0,0,4
Bacteria;Bacteroidetes;Bacteroidia;Chitinophagales;Saprospiraceae,0,0,0,0,0,0,0,0,0,0,0,0,0,0,0,0,0,0,0,0,0,0,0,0,0,0,0,0,0,0,0,0,0,0,0,0,0,0,0,0,0,0,0,0,0,0,0,0,0,0,40,0,0,0,0,0,25,0,0,0,0,0,11,0,0,0,0,0,0,0,0,0,0,0,0,0,0
Bacteria;Bacteroidetes;Bacteroidia;Cytophagales;Cyclobacteriaceae,0,0,0,0,0,0,0,0,0,0,26,0,0,0,0,0,0,0,0,0,0,0,0,0,0,0,0,0,0,0,0,0,0,0,0,0,0,0,0,0,0,0,0,0,0,0,0,0,0,0,4,0,0,0,0,0,4,3,0,0,0,0,0,0,0,0,0,0,0,0,0,0,4,0,0,0,0
Bacteria;Bacteroidetes;Bacteroidia;Cytophagales;Hymenobacteraceae,0,0,0,0,0,0,0,0,0,0,0,0,0,0,0,0,0,0,0,0,0,0,0,0,0,0,0,0,0,0,0,0,0,0,0,0,0,0,0,0,0,0,0,0,0,0,0,0,0,0,0,0,0,0,0,0,3,0,0,0,0,0,0,0,0,0,0,0,0,0,0,0,0,0,0,0,0
Bacteria;Bacteroidetes;Bacteroidia;Cytophagales;Spirosomaceae,0,0,0,0,0,0,0,0,0,1,0,0,6,0,0,0,1,81,0,0,0,0,0,0,0,0,0,0,0,0,0,0,0,0,0,0,0,0,0,0,0,0,0,0,0,0,0,0,29,0,0,0,0,0,0,0,5,0,0,0,0,0,482,0,0,0,0,0,0,0,0,0,0,0,0,0,0
Bacteria;Bacteroidetes;Bacteroidia;Flavobacteriales;Crocinitomicaceae,0,0,3,0,0,0,0,0,0,0,0,0,0,0,0,0,0,0,0,0,0,0,0,0,0,0,0,0,0,0,0,0,0,0,0,0,0,0,0,0,0,0,0,0,6,0,0,0,1,0,13,0,0,0,0,0,0,0,0,0,0,0,0,0,2,0,0,0,0,0,0,0,0,0,0,0,0
Bacteria;Bacteroidetes;Bacteroidia;Flavobacteriales;Flavobacteriaceae,1,0,62,0,0,4,0,0,0,0,7,0,0,6,0,0,2,13,1,0,0,1,0,0,13,0,0,0,0,0,4,0,0,0,0,0,1,0,1,11,9,0,41,0,337,1,0,2,76,1,185,15,0,7,100,0,57,4,20,0,0,2,1,2,0,0,0,0,0,2,6,0,32,0,3,0,0
Bacteria;Bacteroidetes;Bacteroidia;Flavobacteriales;Flavobacteriales_unclassified,0,0,0,0,0,0,0,0,0,0,0,0,0,0,0,0,0,0,0,0,0,0,0,0,0,0,0,0,0,0,0,0,0,0,0,0,0,0,0,0,0,0,0,0,0,0,0,0,0,0,2,0,0,0,0,0,29,0,0,0,0,0,0,0,0,0,0,0,0,0,0,0,0,0,0,0,0
Bacteria;Bacteroidetes;Bacteroidia;Flavobacteriales;Weeksellaceae,0,0,5,1,51,0,0,2,0,0,4,0,0,0,0,50,0,16,0,0,0,0,3,0,9,0,3,0,0,0,0,0,0,0,0,0,0,1,0,0,0,8,1,0,12,0,3,0,30,4,145,6,0,1,1,0,116,0,113,0,0,1,6750,21,0,0,1,0,0,1,1,0,57,0,0,0,1
Bacteria;Bacteroidetes;Bacteroidia;Sphingobacteriales;Sphingobacteriaceae,0,0,0,0,0,0,0,0,0,0,13,0,0,2,0,0,0,22,1,0,0,0,0,0,6,0,0,0,0,0,0,0,0,1,0,0,0,0,2,0,0,0,6,18,167,0,1,0,20,2,18,1,0,0,0,0,14,0,22,0,0,0,578,3,0,0,0,0,0,0,0,0,0,0,0,0,0
Bacteria;Bacteroidetes;Bacteroidia;Sphingobacteriales;env.OPS_17,0,0,0,0,0,0,0,0,0,0,0,0,0,0,0,0,0,14,0,0,0,0,0,0,0,0,0,0,0,0,0,0,0,0,0,0,0,0,0,0,0,0,0,0,0,0,0,0,0,0,0,0,0,0,0,0,0,0,0,0,0,0,13,0,0,0,0,0,0,0,0,0,0,0,0,0,0
Bacteria;Bacteroidetes;Ignavibacteria;Ignavibacteria_unclassified;Ignavibacteria_unclassified,0,0,0,0,0,0,0,0,0,0,0,0,0,0,0,0,0,0,0,0,0,0,0,0,0,0,0,0,0,0,0,0,0,0,0,0,0,0,0,0,0,0,1,0,0,0,0,0,0,0,0,0,0,0,0,0,0,0,0,0,0,0,0,0,0,0,0,0,0,0,0,0,0,0,0,0,0
Bacteria;Bacteroidetes;Ignavibacteria;SJA-28;SJA-28_fa,0,0,0,0,0,0,0,0,0,0,0,0,0,0,0,0,0,0,0,0,0,0,0,0,0,0,0,0,0,0,0,0,0,0,0,0,0,0,0,0,0,0,0,0,0,0,0,0,0,0,0,0,0,0,0,0,6,0,0,0,0,0,0,0,0,0,0,0,0,0,0,0,0,0,0,0,0
Bacteria;Bacteroidetes;Rhodothermia;Balneolales;Balneolaceae,0,0,0,0,0,0,0,0,0,0,0,0,0,0,0,0,0,0,0,0,0,0,0,0,0,0,0,0,0,0,0,0,0,0,0,0,0,0,0,0,0,0,0,0,0,0,0,0,0,0,7,0,0,0,0,0,1,0,0,0,0,0,0,0,0,0,0,0,0,0,0,0,4,0,0,0,0
Bacteria;Bacteroidetes;Rhodothermia;Rhodothermales;Rhodothermaceae,0,0,0,0,0,0,0,0,0,0,0,0,0,0,0,0,0,0,0,0,0,0,0,0,0,0,0,0,0,0,0,0,0,0,0,0,0,0,0,0,0,0,0,0,0,0,0,0,0,0,2,0,0,0,0,0,0,0,0,0,1,0,0,0,0,0,0,0,0,0,0,0,0,0,0,0,0
Bacteria;Chloroflexi;Anaerolineae;Anaerolineales;Anaerolineaceae,0,0,19,0,0,0,0,1,0,0,11,0,0,0,0,0,0,10,0,0,0,0,0,0,0,0,0,0,0,0,0,0,0,0,0,0,0,0,0,0,0,22,8,0,10,0,0,1,1,0,0,0,24,20,8,1,91,23,0,0,0,0,59,5,2,0,0,0,0,0,0,0,0,0,0,0,0
Bacteria;Chloroflexi;Anaerolineae;Ardenticatenales;Ardenticatenaceae,0,0,0,0,0,0,0,0,0,0,0,0,0,0,0,0,0,0,0,0,0,0,0,0,0,0,0,0,0,0,0,0,0,0,0,0,0,0,0,0,0,0,0,0,0,0,0,0,0,0,0,0,0,0,0,0,3,0,0,0,0,0,0,0,0,0,0,0,0,0,0,0,0,0,0,0,0
Bacteria;Chloroflexi;Anaerolineae;Ardenticatenales;uncultured,0,0,3,0,0,0,0,0,0,0,0,0,0,0,0,0,0,0,0,0,0,0,0,0,0,0,0,0,0,0,0,0,0,0,0,0,0,0,0,0,0,0,0,0,0,0,0,0,0,0,0,0,0,0,0,0,29,0,0,0,0,0,0,0,0,0,0,0,0,0,0,0,0,0,0,0,0
Bacteria;Chloroflexi;Anaerolineae;Caldilineales;Caldilineaceae,0,0,0,0,0,0,0,0,0,0,0,0,0,0,0,0,0,0,0,0,0,0,0,0,0,0,0,0,0,0,0,0,0,0,0,0,0,0,0,0,0,0,0,0,0,0,0,0,0,0,0,0,0,0,0,0,9,0,0,0,0,0,0,0,0,0,0,0,0,0,0,0,0,0,0,0,0
Bacteria;Chloroflexi;Anaerolineae;SBR1031;A4b,0,0,0,0,0,0,0,0,0,0,0,0,0,0,0,0,0,0,0,0,0,0,0,0,0,0,0,0,0,0,0,0,0,0,0,0,0,0,0,0,0,0,0,0,0,0,0,0,0,0,0,0,0,0,0,0,1,0,0,0,0,0,0,0,0,0,0,0,0,0,0,0,0,0,0,0,0
Bacteria;Chloroflexi;Anaerolineae;SJA-15;SJA-15_fa,0,0,0,0,0,0,0,0,0,0,0,0,0,0,0,0,0,0,0,0,0,0,0,0,0,0,0,0,0,0,0,0,0,0,0,0,0,0,0,0,0,0,0,0,0,0,0,0,0,0,0,0,0,0,0,0,6,0,0,0,0,0,0,0,0,0,0,0,0,0,0,0,0,0,0,0,0
Bacteria;Chloroflexi;Chloroflexia;Chloroflexales;Herpetosiphonaceae,0,0,0,0,0,0,0,0,0,0,0,0,0,0,0,0,0,0,0,0,0,0,0,0,0,0,0,0,0,0,0,0,0,0,0,0,0,0,0,0,0,0,0,0,0,0,0,0,0,0,0,0,0,0,0,0,0,0,0,0,0,0,2,0,0,0,0,0,0,0,0,0,0,0,0,0,0
Bacteria;Chloroflexi;Chloroflexia;Thermomicrobiales;AKYG1722,0,0,0,0,0,0,0,0,0,0,0,0,0,0,0,0,0,0,0,0,0,0,0,0,0,0,0,0,0,0,0,0,0,0,0,0,0,0,0,0,0,0,0,0,0,0,0,0,0,0,7,0,0,0,0,0,0,0,0,0,0,0,0,0,0,0,0,0,0,0,0,0,0,0,0,0,0
Bacteria;Chloroflexi;Chloroflexia;Thermomicrobiales;JG30-KF-CM45,0,0,0,0,0,0,0,0,0,0,0,0,0,3,0,0,0,0,0,0,0,0,0,0,0,0,0,71,0,0,0,0,0,0,0,0,0,0,0,0,0,0,0,0,2,0,0,0,10,5,12,0,0,30,8,0,21,0,0,0,0,36,36,1,0,0,0,0,0,0,0,0,0,0,0,0,0
Bacteria;Chloroflexi;KD4-96;KD4-96_or;KD4-96_fa,0,0,2,0,0,0,0,0,0,0,0,0,0,0,0,0,0,0,0,0,0,0,0,0,0,0,0,0,0,0,0,0,0,0,0,0,0,0,0,0,0,0,0,0,0,0,0,0,0,0,0,0,0,0,0,0,4,0,0,0,0,0,0,0,0,0,0,0,0,0,0,0,0,0,0,0,0
Bacteria;Cyanobacteria;Cyanobacteria_unclassified;Cyanobacteria_unclassified;Cyanobacteria_unclassified,0,0,0,0,0,0,0,0,0,0,0,0,0,0,0,0,0,0,0,0,0,0,0,0,0,0,0,0,0,0,0,0,0,0,0,0,0,0,0,0,0,0,0,0,0,0,0,0,0,0,0,0,0,0,0,0,1,0,0,0,0,0,0,0,0,0,0,0,0,0,0,0,0,0,0,0,0
Bacteria;Cyanobacteria;Melainabacteria;Gastranaerophilales;Gastranaerophilales_fa,0,0,194,0,0,0,0,3,0,0,0,0,0,20,0,2,6,60,4,0,11,0,2,0,6,0,2,0,0,0,2,3,0,0,0,5,3,0,23,0,0,29,0,0,6,8,37,1,2,1,8,3,57,19,1,2,238,68,221,0,0,47,8,0,8,0,3,0,1,10,115,0,63,0,0,0,0
Bacteria;Cyanobacteria;Melainabacteria;Obscuribacterales;Obscuribacterales_fa,0,1,0,0,0,0,0,0,0,0,0,0,0,0,0,0,0,0,0,0,0,0,0,0,0,0,0,0,0,0,0,0,0,0,0,0,0,0,6,5,0,0,3,20,0,0,0,0,0,0,0,0,0,0,0,0,10,0,13,0,0,25,0,0,0,0,0,0,0,0,0,0,0,0,0,0,0
Bacteria;Cyanobacteria;Oxyphotobacteria;Oxyphotobacteria_unclassified;Oxyphotobacteria_unclassified,0,0,0,0,0,0,0,0,0,0,0,0,0,0,0,0,0,0,0,0,0,0,0,0,0,0,0,0,0,0,0,0,0,0,0,0,0,1,0,0,0,0,0,0,0,0,0,0,0,0,0,0,0,0,0,0,0,0,0,0,0,0,0,0,0,0,0,0,0,0,0,0,0,0,0,0,0
Bacteria;Cyanobacteria;Sericytochromatia;Sericytochromatia_or;Sericytochromatia_fa,0,0,0,0,0,0,0,0,0,0,0,0,0,0,0,0,0,0,0,0,0,0,0,0,0,0,0,0,0,0,0,0,0,0,0,0,0,0,0,0,0,0,0,0,0,0,0,0,0,0,1,0,0,0,0,0,13,0,0,0,0,0,45,0,0,0,0,0,0,0,0,0,0,0,0,0,0
Bacteria;Deinococcus-Thermus;Deinococci;Deinococcales;Deinococcaceae,0,0,0,0,0,0,0,0,0,0,0,0,0,0,0,0,0,0,0,0,0,0,0,0,0,0,0,0,0,0,0,0,0,0,0,0,0,0,0,0,0,0,0,0,0,0,0,0,0,0,0,0,0,0,0,0,0,0,0,0,0,0,161,1,0,1,0,0,0,0,0,0,28,0,0,0,0
Bacteria;Deinococcus-Thermus;Deinococci;Deinococcales;Trueperaceae,0,0,0,0,0,0,0,0,0,0,0,0,0,0,0,0,0,0,0,0,0,0,0,0,0,0,0,0,0,0,2,0,0,0,0,0,0,0,0,0,0,0,0,0,0,0,0,0,0,0,40,0,0,0,0,0,14,0,0,0,0,0,0,0,0,0,0,0,0,0,0,0,0,0,0,0,0
Bacteria;Dependentiae;Babeliae;Babeliales;Babeliaceae,0,0,0,0,0,0,0,0,0,0,0,0,0,0,0,0,0,0,0,0,0,0,0,0,0,0,0,0,0,0,0,0,0,0,0,0,0,0,0,0,0,20,0,0,0,0,0,0,0,0,0,0,0,0,0,0,0,0,0,0,0,0,0,0,0,0,0,0,0,0,0,0,0,0,0,0,0
Bacteria;Elusimicrobia;Elusimicrobia;Elusimicrobiales;Elusimicrobiaceae,0,0,5,0,0,0,0,0,0,0,0,0,0,0,0,0,0,7,0,0,0,0,0,0,0,0,0,0,0,0,0,0,0,0,0,0,0,0,0,0,0,0,0,0,0,0,0,0,0,0,0,0,0,0,0,0,16,1,0,0,0,0,0,0,0,0,0,0,0,0,4,0,0,0,0,0,0
Bacteria;Epsilonbacteraeota;Campylobacteria;Campylobacterales;Arcobacteraceae,0,0,1,0,0,0,0,0,0,0,0,0,0,0,0,0,0,5,0,0,0,0,0,0,0,0,0,0,0,0,3,0,0,0,0,0,0,0,0,0,0,0,18,0,0,0,0,0,17,5,69,0,0,8,0,0,68,6,0,0,0,0,54,0,0,0,0,0,0,0,0,0,0,0,0,0,0
Bacteria;Epsilonbacteraeota;Campylobacteria;Campylobacterales;Campylobacteraceae,3,0,98,289,537,817,0,332,115,224,0,0,260,126,0,40,1376,44,49,215,2,159,18,1,0,0,407,0,0,0,40,7,0,3140,2,111,176,236,24,245,319,0,627,1247,995,1203,0,2,140,313,1107,1057,414,881,115,614,180,72,7,2878,23,5,2304,1307,0,0,0,1,88,2186,1756,1265,334,494,144,0,30
Bacteria;Fibrobacteres;Fibrobacteria;Fibrobacterales;Fibrobacteraceae,0,0,14,0,0,0,0,3,0,0,23,0,0,10,0,0,4,13,16,0,2,0,0,0,0,0,0,0,0,0,0,1,0,0,0,3,0,0,2,0,0,49,10,0,0,4,0,0,0,0,7,3,0,12,1,0,52,18,123,0,0,17,0,0,0,0,0,0,0,0,0,5,12,0,0,0,2
Bacteria;Firmicutes;Bacilli;Bacillales;Bacillaceae,1,0,0,0,0,0,0,0,0,4,4,0,0,173,0,1,5,6,0,0,16,0,0,0,32,0,1,0,0,0,1,20,0,0,0,2,6,0,3,0,0,0,0,0,276,0,0,0,7,0,57,1,25,261,1,0,20,2,0,0,0,0,6,0,42,0,0,0,1,0,0,9,4,4,0,0,0
Bacteria;Firmicutes;Bacilli;Bacillales;Bacillales_unclassified,0,0,12,0,0,176,23,4,0,0,0,0,406,5812,1,1,4,1,2,43,0,0,57,0,15,0,1,1,0,1,91,5,0,1,0,17,0,11,126,14,1,0,783,15,119,4,0,2,172,1822,58,0,4,13,8,4,909,0,0,0,1,0,19,168,35,1,0,0,452,1,3,17,225,3,22,0,95
Bacteria;Firmicutes;Bacilli;Bacillales;Family_XI,0,0,0,0,0,0,0,0,0,0,0,0,0,0,0,0,0,0,0,0,0,0,0,0,0,0,0,0,0,0,0,0,0,11,0,0,0,0,0,0,0,0,0,0,0,0,0,0,0,0,0,0,1,0,0,0,0,0,0,0,0,0,0,0,0,0,0,0,0,0,0,0,0,0,0,0,0
Bacteria;Firmicutes;Bacilli;Bacillales;Listeriaceae,0,0,0,0,0,0,0,0,0,0,0,0,0,0,0,0,0,0,0,0,0,0,0,0,0,0,0,0,0,0,0,0,0,0,0,0,1,2,8,0,0,0,0,0,0,0,0,0,0,0,0,0,0,0,0,0,0,0,14,0,0,0,14,0,0,0,0,0,0,0,0,0,0,0,0,0,0
Bacteria;Firmicutes;Bacilli;Bacillales;Paenibacillaceae,0,0,0,0,0,0,0,0,0,0,0,0,0,0,0,0,0,0,0,0,0,0,0,0,0,0,0,0,0,0,0,0,0,0,0,0,0,0,0,0,0,0,0,0,0,0,0,0,0,0,7,0,0,0,0,0,0,0,0,0,0,0,0,0,0,0,0,0,0,0,0,0,0,0,0,0,0
Bacteria;Firmicutes;Bacilli;Bacillales;Planococcaceae,1,0,13,1,19,18,0,3,0,14,34,0,1,2025,0,6,55,506,40,2,0,0,5,0,40,0,23,0,0,0,23,1,0,0,0,183,4,2,50,16,0,47,118,0,703,0,0,8,62,99,182,15,0,162,66,1,659,175,236,1,0,103,199,0,0,0,0,0,3,7,32,16,33,2,0,0,8
Bacteria;Firmicutes;Bacilli;Bacillales;Staphylococcaceae,12,4,458,4,26,43,55,0,0,41,52,0,20,348,1,36,41,815,158,38,29,8,73,3,158,10,254,13192,13049,8612,39,107,0,1238,0,144,81,141,6020,70,1,274,123,0,12082,21,14,7,87,22,90,22,202,17519,410,27,2555,757,2808,54,31,511,155,8,287,0,40,1,15,37,155,24,1208,6,1,0,6
Bacteria;Firmicutes;Bacilli;Bacillales;Thermoactinomycetaceae,0,0,0,0,0,0,0,0,0,0,0,0,0,0,0,0,0,0,0,0,0,0,0,0,0,0,0,0,0,0,0,0,0,0,0,0,0,0,0,0,0,0,0,0,0,0,0,0,0,0,2,0,0,0,0,0,0,0,0,0,0,0,0,0,0,0,0,0,0,0,0,0,0,0,0,0,0
Bacteria;Firmicutes;Bacilli;Bacilli_unclassified;Bacilli_unclassified,0,0,2,0,0,34,0,0,0,0,0,0,914,396,0,2,26,0,1,19,3,0,5,0,2,0,1,2,0,0,2,71,0,20,0,1,1,0,2,0,0,0,19,0,4,0,0,0,10,129,1,3,1,3,0,0,61,1,0,0,7,0,10,7,0,0,0,0,29,0,14,2,8,0,6,0,0
Bacteria;Firmicutes;Bacilli;Lactobacillales;Aerococcaceae,10,31,2452,215,3445,4019,1244,105,115,94,193,1,1679,6334,3,391,1610,4023,1285,5577,2394,420,107,0,352,0,1007,0,0,0,476,3338,1,2007,1,350,840,2569,3468,341,705,3224,1070,1427,9526,860,596,212,4090,1504,1504,2397,759,6664,423,86,8392,2625,10247,3259,1650,921,2585,861,480,5,43,0,540,1486,780,598,1035,124,192,0,66
Bacteria;Firmicutes;Bacilli;Lactobacillales;Carnobacteriaceae,8,38,3585,130,630,3774,112,64,6,219,5957,4,6509,6293,20,565,3108,3812,840,5789,13594,65,355,1,162,0,976,0,0,3,271,23270,2,1822,0,442,361,887,4940,200,187,1686,779,1709,9982,60,129,87,1104,499,924,8390,29869,6810,230,43,5785,1078,6800,240,7416,1495,5411,349,268,1,52,0,910,88,4774,2088,1289,370,26,1,133
Bacteria;Firmicutes;Bacilli;Lactobacillales;Enterococcaceae,0,0,16,0,1,0,0,0,0,2,10,0,14,265,1,4,23,527,5,2,0,0,1,0,130,1,0,314,308,282,0,0,0,31,0,3,0,0,0,4,0,57,51,0,109,0,1,0,0,1,5,1,0,7,10,1,111,9,126,0,0,54,89,0,11,0,0,0,1,4,0,2,71,0,0,0,4
Bacteria;Firmicutes;Bacilli;Lactobacillales;Lactobacillaceae,0,1,104,0,14,6,1,0,0,12,12,0,10,53,0,1,7,193,11,4,2,0,3,0,56,0,0,0,0,0,6,0,0,34,0,1,1,21,4,0,0,71,15,11,143,0,12,1,29,5,6,0,15,343,11,0,231,97,1090,9,1,22,43,0,0,0,1,0,7,2,4,3,1,0,0,0,0
Bacteria;Firmicutes;Bacilli;Lactobacillales;Lactobacillales_unclassified,3,2,312,45,95,348,378,6,0,1,763,0,840,281,18,157,1243,270,55,335,826,26,39,0,68,0,53,3,8,1,5,4242,0,623,0,71,38,42,89,36,1,124,106,839,1176,34,410,75,336,153,37,658,56599,663,35,8,1105,73,186,54,5164,219,779,24,92,0,10,0,135,153,319,188,128,35,2,0,6
Bacteria;Firmicutes;Bacilli;Lactobacillales;Leuconostocaceae,0,0,22,1,0,8,0,0,0,3,153,0,7,21,0,2,1,84,6,10,14,0,4,0,227,0,1,0,0,0,0,0,0,16,0,3,0,49,0,0,0,73,52,0,91,0,2,0,0,1,0,0,0,94,3,0,118,31,894,4,2,0,7,0,3,0,0,0,3,16,8,3,4,1,0,0,1
Bacteria;Firmicutes;Bacilli;Lactobacillales;Streptococcaceae,0,0,46,7,18,175,0,1,0,4,21,0,0,81,0,1,12,891,10,4,0,0,0,1,177,4,7,21995,21776,16514,3,1,0,29,0,8,3,0,14,1,17,225,70,87,21,73,7,2,91,3,3,2,0,9,3,1,67,20,253,150,2,15,3797,7,37,0,1,0,0,125,0,27,102,0,0,0,0
Bacteria;Firmicutes;Bacilli;Lactobacillales;uncultured,0,0,0,0,0,0,0,0,0,0,0,0,0,0,0,0,0,0,0,0,1,0,0,0,0,0,0,0,0,0,0,0,0,0,0,0,0,0,0,0,0,0,0,0,0,0,0,0,0,0,0,0,0,0,0,0,0,0,0,0,0,0,0,0,0,0,0,0,0,0,0,0,0,0,0,0,0
Bacteria;Firmicutes;Clostridia;Clostridia_unclassified;Clostridia_unclassified,0,0,27,3,18,6,0,15,0,0,1,0,13,37,0,19,4,21,14,13,13,6,5,0,0,0,3,0,0,0,8,7,0,67,0,17,29,18,11,1,0,2,12,11,8,3,0,0,24,3,12,16,0,7,9,15,142,41,27,10,5,16,8,21,0,0,0,0,15,7,9,15,1,1,2,0,1
Bacteria;Firmicutes;Clostridia;Clostridiales;Caldicoprobacteraceae,1,0,0,0,0,0,0,0,0,2,0,0,2,3,0,0,6,0,0,0,0,0,0,0,0,0,1,0,0,0,0,0,0,0,0,0,0,0,0,0,0,0,0,0,1,0,0,1,11,0,24,0,0,59,6,0,72,0,0,0,0,7,0,0,0,0,0,0,4,0,0,0,0,0,0,0,0
Bacteria;Firmicutes;Clostridia;Clostridiales;Christensenellaceae,0,9,984,20,103,21,35,6,4,15,58,0,38,317,0,28,79,1373,176,13,49,7,30,0,284,0,71,0,0,0,11,50,0,45,0,64,12,183,307,35,0,799,550,63,269,42,28,19,144,83,113,38,289,635,231,48,1944,675,1389,14,24,1084,145,13,141,0,8,0,50,27,132,15,391,9,5,0,14
Bacteria;Firmicutes;Clostridia;Clostridiales;Clostridiaceae_1,0,0,56,0,0,4,0,0,0,0,112,0,5,30,0,0,4,102,2,0,0,0,0,0,4,0,6,0,0,0,0,3,0,0,0,0,2,13,31,0,0,10,15,0,57,9,0,0,12,2,27,1,12,37,6,0,150,20,131,8,0,6,35,4,20,0,0,0,0,0,0,0,31,4,0,0,0
Bacteria;Firmicutes;Clostridia;Clostridiales;Clostridiaceae_2,0,0,0,0,0,0,0,0,0,0,0,0,0,0,0,0,0,0,0,0,0,0,0,0,0,0,1,0,0,0,0,0,0,0,0,0,0,0,0,0,0,0,0,0,0,0,0,0,0,0,4,0,0,0,2,0,2,0,0,0,0,0,0,0,0,0,0,0,0,0,0,0,0,0,0,0,0
Bacteria;Firmicutes;Clostridia;Clostridiales;Clostridiales_Incertae_Sedis,0,0,0,0,0,0,0,0,0,0,29,0,0,0,0,0,0,0,0,0,0,0,0,0,0,0,0,0,0,0,0,0,0,0,0,0,0,0,0,0,0,0,0,0,0,0,0,0,0,0,0,0,0,0,0,1,17,0,0,0,0,0,0,0,0,0,0,0,0,0,0,0,0,0,0,0,0
Bacteria;Firmicutes;Clostridia;Clostridiales;Clostridiales_unclassified,40,5,925,2640,12400,4276,31,3135,102,104,475,0,3338,2825,0,2826,4175,2279,2902,2246,147,1347,874,0,64,0,472,0,1,0,1115,179,0,52591,2,953,5481,5953,602,706,760,391,2693,6389,1685,1452,45,39,7850,2687,3738,1975,128,1683,2109,2564,9289,1485,1660,5711,240,577,19722,10689,243,10,6,4,1712,2131,201,2247,2315,1495,506,2,132
Bacteria;Firmicutes;Clostridia;Clostridiales;Clostridiales_vadinBB60_group,0,4,241,5,1,0,25,3,0,0,0,0,4,19,0,4,12,359,19,0,10,0,4,0,47,0,0,0,0,0,0,20,0,0,0,0,0,2,4,0,0,13,25,0,3,0,1,2,6,10,24,4,0,51,22,0,574,107,242,17,6,159,39,0,137,0,0,0,1,1,5,3,42,0,0,0,0
Bacteria;Firmicutes;Clostridia;Clostridiales;Defluviitaleaceae,0,0,16,0,5,0,0,0,357,268,0,0,0,5,0,2,2,13,6,0,0,0,2,0,0,0,0,0,0,0,0,4,0,0,0,0,0,0,32,326,1,59,0,0,3,0,0,1,3,0,3,0,14,11,2,1,46,9,79,0,0,12,13,0,0,0,0,0,0,0,7,0,0,0,0,0,82
Bacteria;Firmicutes;Clostridia;Clostridiales;Eubacteriaceae,0,0,7,0,162,0,0,4,0,0,0,0,0,61,0,7,0,31,1,1,15,1,0,0,0,0,3,0,0,0,3,23,0,4,0,0,4,2,0,0,0,19,11,0,59,7,0,0,10,1,10,1,0,49,10,7,211,13,0,0,2,67,0,0,11,0,0,0,6,10,8,0,13,0,0,0,0
Bacteria;Firmicutes;Clostridia;Clostridiales;Family_XI,71,34,9001,4835,41248,30534,1008,6430,786,1280,1027,3,11256,19124,7,4026,14916,15777,25708,16731,5400,5288,973,1,132,2,2212,0,0,8,2127,1612,0,62484,4,1027,4033,31352,10835,1666,1854,2723,13488,32619,8870,2716,626,332,19995,15146,26271,29280,2448,12689,5624,2028,39101,9492,12343,17675,6432,2314,13727,14113,678,4,19,4,4002,9713,1746,3421,6266,3257,1117,2,755
Bacteria;Firmicutes;Clostridia;Clostridiales;Family_XII,18,2,10,1913,496,7156,8,998,23,62,276,0,1553,1813,1,152,27,188,943,1889,3,195,26,0,0,0,164,0,0,0,57,3,0,28081,3,1586,1831,739,1717,683,1071,1,6928,508,551,6417,1,2,1007,5324,3739,19,3,841,375,1213,2486,12,17,2090,15,11,87,10987,9,4,2,3,178,6,3,482,464,310,204,1,630
Bacteria;Firmicutes;Clostridia;Clostridiales;Family_XIII,0,7,630,57,152,368,7,93,818,1042,114,0,32,509,0,52,138,1349,460,61,29,124,19,0,134,1,284,0,0,0,65,29,0,437,0,122,96,287,881,829,14,843,504,120,544,221,27,13,174,450,466,41,225,704,404,72,2161,682,1506,274,29,839,66,180,230,0,6,0,87,59,91,68,257,317,57,0,293
Bacteria;Firmicutes;Clostridia;Clostridiales;Family_XIV,0,0,0,0,0,0,0,0,0,0,0,0,0,0,0,0,0,0,0,0,0,0,0,0,0,0,0,0,0,0,0,0,0,0,0,0,0,0,0,0,0,0,0,0,0,0,0,0,0,0,0,0,0,0,5,0,0,0,0,0,0,0,0,0,0,0,0,0,0,0,0,0,0,0,0,0,0
Bacteria;Firmicutes;Clostridia;Clostridiales;Lachnospiraceae,3,19,2910,121,474,335,165,621,3461,10846,542,4,120,1186,3,92,158,5112,595,32,106,17,75,0,781,1,2854,0,4,3,100,84,0,416,0,282,254,241,594,4796,118,2617,2875,325,2954,2626,121,48,396,394,475,97,918,1551,562,2358,5714,1604,3621,167,88,4906,1134,1779,1160,0,14,0,187,104,316,989,612,28,276,0,821
Bacteria;Firmicutes;Clostridia;Clostridiales;Peptococcaceae,0,1,78,13,35,4,0,3,1,0,33,0,96,21,0,27,26,109,38,29,0,12,72,0,2,0,12,0,0,0,10,3,0,113,0,9,30,94,23,21,0,7,125,39,56,12,0,4,154,38,116,3,3,90,26,278,327,112,52,36,1,87,16,0,33,0,1,0,24,15,15,7,82,10,6,0,12
Bacteria;Firmicutes;Clostridia;Clostridiales;Peptostreptococcaceae,10,2,405,157,223,4294,30,2190,145,15,80,0,86,265,0,445,173,995,108,57,2,310,56,0,21,0,103,0,0,0,310,11,0,15607,0,101,718,2267,218,129,382,187,1889,2182,2008,2165,11,5,115,447,1530,2054,372,120,419,256,1070,379,258,1492,28,181,1074,3546,193,0,0,0,553,118,28,2016,505,1455,50,1,14
Bacteria;Firmicutes;Clostridia;Clostridiales;Ruminococcaceae,8,92,11745,538,5545,2048,569,213,79,136,844,0,839,3692,8,763,5039,14751,2066,1839,717,1181,378,0,2492,0,455,0,0,0,825,724,0,2565,0,764,1594,5068,4726,339,124,3764,5155,1430,2195,337,788,231,9148,1578,2594,966,2269,6300,2514,176,26239,8041,11643,2540,356,12493,1976,2626,4938,2,89,1,585,2308,2045,304,4037,276,132,2,110
Bacteria;Firmicutes;Clostridia;Clostridiales;Syntrophomonadaceae,0,0,0,0,0,0,0,1,0,0,0,0,2,95,0,6,34,0,0,18,0,0,0,0,0,0,0,0,0,0,30,0,0,46,0,0,1,475,91,0,0,0,2,0,27,0,0,0,33,56,0,0,0,11,79,12,400,0,0,0,0,0,0,0,0,0,0,0,4,0,23,0,123,0,0,0,0
Bacteria;Firmicutes;Clostridia;Clostridiales;TC1,0,0,0,0,0,0,0,0,0,0,0,0,0,0,0,0,0,0,0,0,0,0,0,0,0,0,0,0,0,0,0,0,0,0,0,0,0,0,0,0,0,0,0,0,1,0,0,0,0,0,0,0,0,0,0,0,0,0,0,0,0,0,0,0,0,0,0,0,0,0,0,0,0,0,0,0,0
Bacteria;Firmicutes;Clostridia;M55-D21;M55-D21_fa,0,0,0,0,0,0,0,0,0,0,0,0,0,0,0,0,0,0,0,0,0,0,0,0,0,0,0,0,0,0,0,0,0,0,0,0,0,0,0,0,0,0,0,0,0,0,0,0,0,0,2,0,0,0,0,0,0,0,0,0,0,0,0,0,0,0,0,0,0,0,0,0,0,0,0,0,0
Bacteria;Firmicutes;Clostridia;MBA03;MBA03_fa,0,0,0,0,0,0,0,0,0,0,0,0,0,0,0,0,0,0,0,0,0,0,0,0,0,0,0,0,0,0,0,0,0,0,0,0,0,0,0,0,0,0,0,0,1,0,0,0,0,0,52,0,0,0,0,0,1,0,0,0,0,0,0,0,0,0,0,0,0,0,0,0,0,0,0,0,0
Bacteria;Firmicutes;Clostridia;Thermoanaerobacterales;SRB2,0,0,0,0,0,0,0,0,0,0,0,0,0,0,0,0,0,0,0,0,0,0,0,0,0,0,0,0,0,0,0,0,0,0,0,0,0,0,0,0,0,0,0,0,0,0,0,0,0,0,0,0,0,0,0,0,11,0,0,0,0,0,0,0,0,0,0,0,0,0,0,0,0,0,0,0,0
Bacteria;Firmicutes;Erysipelotrichia;Erysipelotrichales;Erysipelotrichaceae,0,3,223,8,119,48,11,15,3,3,56,0,34,861,0,23,52,1259,88,19,14,0,10,0,118,0,40,0,0,0,26,12,0,25,0,6,40,113,88,41,0,379,356,29,352,20,21,6,159,63,127,35,109,380,160,3,1641,254,558,75,24,367,161,33,157,0,2,0,35,50,60,17,147,1,5,0,3
Bacteria;Firmicutes;Firmicutes_unclassified;Firmicutes_unclassified;Firmicutes_unclassified,1,0,41,74,579,73,1,231,11,10,36,1,166,296,0,148,64,71,85,325,91,22,84,0,1,0,54,0,0,0,74,222,0,784,0,13,472,156,23,41,26,8,133,155,298,12,0,0,244,238,286,209,12,103,58,307,549,34,31,126,142,44,994,481,0,0,0,0,264,24,29,121,164,169,5,0,15
Bacteria;Firmicutes;Limnochordia;Limnochordales;Limnochordaceae,0,0,0,0,0,0,0,0,0,0,0,0,0,0,0,0,0,0,0,0,0,0,0,0,0,0,0,0,0,0,0,0,0,0,0,0,0,0,0,0,0,0,0,0,0,0,0,0,0,0,0,1,0,0,0,0,0,0,0,0,0,0,0,0,0,0,0,0,0,0,0,0,0,0,0,0,0
Bacteria;Firmicutes;Negativicutes;Selenomonadales;Acidaminococcaceae,0,1,352,21,0,335,21,96,20,0,15,0,5,61,0,79,70,533,345,1,9,36,21,0,77,0,10,0,0,0,36,9,0,275,0,14,190,42,23,108,46,33,130,38,63,0,7,5,47,36,62,33,48,927,181,53,442,855,487,170,7,233,68,1087,49,0,4,0,10,828,42,1,234,2,97,0,19
Bacteria;Firmicutes;Negativicutes;Selenomonadales;Selenomonadales_unclassified,0,0,0,0,0,0,0,0,0,0,0,0,0,0,0,0,0,0,1,0,0,0,0,0,0,0,0,0,0,0,0,0,0,0,0,0,1,0,0,0,0,0,0,0,0,0,0,0,0,0,0,0,0,0,0,0,0,0,0,0,0,0,0,0,0,0,0,0,0,0,0,0,0,0,0,0,0
Bacteria;Firmicutes;Negativicutes;Selenomonadales;Veillonellaceae,0,0,24,307,334,731,0,2,429,218,1,0,362,412,0,49,108,73,118,152,2,35,50,1,1,0,994,0,0,0,152,4,0,315,0,52,24,532,395,373,1,7,146,38,191,5,0,1,480,793,1493,294,0,155,151,9,402,158,41,660,76,39,0,69,49,1,0,0,20,22,9,66,107,18,87,0,232
Bacteria;Fusobacteria;Fusobacteriia;Fusobacteriales;Fusobacteriaceae,0,0,0,0,0,81,0,3,2,0,0,0,0,261,0,1,0,2,31,432,0,0,0,0,0,0,3,0,0,0,3,1,0,16,0,3,0,0,85,0,209,1,1236,0,534,1017,0,0,0,21,0,30,0,12,1,40,47,0,0,0,0,0,1,13,0,0,0,0,0,0,0,3858,2,4,7,0,0
Bacteria;Gemmatimonadetes;Gemmatimonadetes;Gemmatimonadales;Gemmatimonadaceae,0,0,0,0,0,0,0,0,0,0,0,0,0,0,0,0,0,0,0,0,0,0,0,0,0,0,0,0,0,0,0,0,0,0,0,0,0,0,0,0,0,0,0,0,0,0,0,0,0,0,0,0,0,0,0,0,22,0,0,0,0,0,0,0,0,0,0,0,0,0,0,0,0,0,0,0,0
Bacteria;Gemmatimonadetes;Longimicrobia;Longimicrobiales;Longimicrobiaceae,0,0,0,0,0,0,0,0,0,0,0,0,0,0,0,0,0,0,0,0,0,0,0,0,0,0,0,0,0,0,0,0,0,0,0,0,0,0,0,0,0,0,0,0,0,0,0,0,0,0,0,0,0,0,0,0,5,0,0,0,0,0,0,0,0,0,0,0,0,0,0,0,0,0,0,0,0
Bacteria;Gemmatimonadetes;S0134_terrestrial_group;S0134_terrestrial_group_or;S0134_terrestrial_group_fa,0,0,0,0,0,0,0,0,0,0,0,0,0,0,0,0,0,0,0,0,0,0,0,0,0,0,0,0,0,0,0,0,0,0,0,0,0,0,0,0,0,0,0,0,0,0,0,0,0,0,1,0,0,0,0,0,0,0,0,0,0,0,0,0,0,0,0,0,0,0,0,0,0,0,0,0,0
Bacteria;Halanaerobiaeota;Halanaerobiia;Halanaerobiales;Halanaerobiaceae,0,0,0,0,0,0,0,0,0,0,0,0,0,0,0,0,0,0,0,0,0,0,0,0,0,0,0,0,0,0,0,0,0,0,0,0,0,0,0,0,0,0,0,0,0,0,0,0,0,0,7,0,0,0,0,0,0,0,0,0,0,0,0,0,0,0,0,0,0,0,0,0,0,0,0,0,0
Bacteria;Kiritimatiellaeota;Kiritimatiellae;113B434;113B434_fa,0,0,0,0,0,0,0,0,0,0,0,0,0,0,0,0,0,0,0,0,0,0,0,0,0,0,0,0,0,0,0,0,0,0,0,0,0,0,0,0,0,0,0,0,0,0,0,0,0,0,0,0,0,0,0,0,13,0,0,0,0,0,0,0,0,0,0,0,0,0,0,0,0,0,0,0,0
Bacteria;Kiritimatiellaeota;Kiritimatiellae;WCHB1-41;WCHB1-41_fa,0,1,215,1,0,0,0,2,1,0,0,0,0,3,0,0,2,107,18,0,12,0,4,0,0,0,4,0,0,0,0,9,0,0,0,0,7,0,6,19,0,0,16,16,0,0,0,0,3,6,2,2,7,1,6,0,306,47,90,0,1,52,16,0,17,0,0,0,0,0,10,0,37,0,0,0,0
Bacteria;Lentisphaerae;Lentisphaerae_unclassified;Lentisphaerae_unclassified;Lentisphaerae_unclassified,0,0,0,0,0,0,0,0,0,0,0,0,0,0,0,0,0,0,0,0,0,0,0,0,0,0,0,0,0,0,0,0,0,0,0,0,0,0,0,0,0,0,0,0,4,0,0,0,0,0,0,0,0,0,0,0,2,0,0,0,0,0,0,0,0,0,0,0,0,0,0,0,0,0,0,0,0
Bacteria;Lentisphaerae;Lentisphaeria;Victivallales;Victivallaceae,0,0,86,0,0,0,0,2,1,0,0,0,0,3,0,0,0,2,3,0,5,0,2,0,1,0,0,0,0,0,0,2,0,0,0,1,0,0,4,0,0,0,7,0,0,0,0,0,1,0,2,0,0,0,1,2,139,74,29,0,0,30,15,0,54,0,0,0,0,0,27,0,0,0,0,0,1
Bacteria;Lentisphaerae;Lentisphaeria;Victivallales;Victivallales_unclassified,0,0,1,0,0,0,0,0,0,0,0,0,0,0,0,0,0,0,1,0,0,0,0,0,0,0,0,0,0,0,0,0,0,0,0,0,0,0,0,0,0,0,0,0,0,0,0,0,0,0,0,0,0,0,0,0,9,0,0,0,0,0,0,0,0,0,0,0,0,0,0,0,0,0,0,0,0
Bacteria;Lentisphaerae;Lentisphaeria;Victivallales;vadinBE97,0,0,0,0,0,0,0,0,0,0,0,0,0,0,0,0,0,0,1,0,0,0,0,0,0,0,0,0,0,0,0,0,0,0,0,0,0,0,0,0,0,0,0,0,0,0,0,0,0,0,0,0,0,0,0,0,27,9,0,0,0,0,0,0,0,0,0,0,0,0,0,0,0,0,0,0,0
Bacteria;Lentisphaerae;Oligosphaeria;Oligosphaerales;Oligosphaeraceae,0,0,0,0,0,0,0,0,0,0,0,0,0,0,0,0,0,0,0,0,0,0,0,0,0,0,0,0,0,0,0,0,0,0,0,0,0,0,0,0,0,0,0,0,0,0,0,0,2,0,0,0,0,0,1,0,0,0,0,0,0,0,0,0,0,0,0,0,0,0,0,0,0,0,0,0,0
Bacteria;Lentisphaerae;Oligosphaeria;Oligosphaerales;Oligosphaerales_unclassified,0,0,0,0,0,0,0,0,0,0,0,0,0,0,0,0,0,0,0,0,0,0,1,0,0,0,0,0,0,0,0,0,0,0,0,0,0,0,0,0,0,0,0,0,0,0,0,0,0,0,0,0,0,0,0,0,21,0,0,0,0,0,0,0,3,0,0,0,0,0,0,0,0,0,0,0,0
Bacteria;Nitrospirae;Nitrospira;Nitrospirales;Nitrospiraceae,0,0,0,0,0,0,0,0,0,0,0,0,0,0,0,0,0,0,0,0,0,0,0,0,0,0,0,0,0,0,0,0,0,0,0,0,0,0,0,0,0,0,0,0,0,0,0,0,0,0,0,0,0,0,0,0,2,0,0,0,0,0,0,0,0,0,0,0,0,0,0,0,0,0,0,0,0
Bacteria;Omnitrophicaeota;Omnitrophia;Omnitrophales;Omnitrophaceae,0,0,0,0,0,0,0,0,0,0,0,0,0,0,0,0,0,0,0,0,0,0,0,0,0,0,0,0,0,0,0,0,0,0,0,0,0,0,0,0,0,0,0,0,0,0,0,0,0,0,0,0,0,0,0,0,14,0,0,0,0,0,0,0,0,0,0,0,0,0,0,0,0,0,0,0,0
Bacteria;Patescibacteria;Gracilibacteria;Absconditabacteriales_(S;Absconditabacteriales_(S_fa,0,0,6,38,236,20,3,9,0,0,0,0,1,30,0,2,3,101,4,22,0,2,0,0,0,0,0,0,0,0,7,0,0,78,0,0,6,0,6,0,0,0,39,0,16,8,0,2,44,53,10,337,0,13,8,4,12,201,12,137,1,0,0,3,11,0,0,0,1,0,0,2,58,0,3,0,2
Bacteria;Patescibacteria;Gracilibacteria;Candidatus_Peribacteria;Candidatus_Peribacteria_fa,0,0,0,0,0,0,0,0,0,0,0,0,0,0,0,0,0,0,0,0,0,0,0,0,0,0,0,0,0,0,0,0,0,0,0,0,0,0,0,0,0,0,0,0,0,0,0,0,0,0,0,0,0,0,0,0,1,0,0,0,0,0,0,0,0,0,0,0,0,0,0,0,0,0,0,0,0
Bacteria;Patescibacteria;Gracilibacteria;JGI_0000069-P22;JGI_0000069-P22_fa,0,0,0,0,0,0,0,0,0,0,1,0,0,0,0,0,0,2,0,0,0,0,0,0,0,0,0,0,0,0,1,0,0,0,0,1,0,0,0,0,0,0,0,0,4,0,0,0,3,0,0,0,0,0,0,0,0,0,0,0,0,0,0,0,0,0,0,0,0,0,0,0,0,0,0,0,0
Bacteria;Patescibacteria;Parcubacteria;Candidatus_Jorgensenbacteria;Candidatus_Jorgensenbacteria_fa,0,0,0,0,0,0,0,0,0,0,0,0,0,0,0,0,0,0,0,0,0,0,0,0,0,0,0,0,0,0,0,0,0,0,0,0,0,0,0,0,0,0,0,0,0,0,0,0,0,0,0,0,0,0,0,0,0,0,0,0,0,0,19,0,0,0,0,0,0,0,0,0,0,0,0,0,0
Bacteria;Patescibacteria;Patescibacteria_unclassified;Patescibacteria_unclassified;Patescibacteria_unclassified,0,0,0,0,0,0,0,0,0,0,0,0,0,0,0,0,0,0,0,0,0,0,0,0,0,0,0,0,0,0,0,0,0,0,0,0,0,0,0,0,0,0,8,0,5,0,0,0,0,0,0,0,0,11,0,0,0,0,0,0,0,0,0,0,0,0,0,0,0,0,0,0,18,0,0,0,0
Bacteria;Patescibacteria;Saccharimonadia;Saccharimonadales;Saccharimonadaceae,0,0,0,0,0,0,0,0,0,0,0,0,0,0,0,0,0,0,1,0,0,0,0,0,0,0,0,0,0,0,0,0,0,1,0,0,0,0,0,0,0,0,0,0,0,0,0,0,0,1,0,1,0,1,0,6,0,0,0,0,0,0,0,0,0,0,0,0,0,0,0,0,0,0,0,0,0
Bacteria;Patescibacteria;Saccharimonadia;Saccharimonadales;Saccharimonadales_unclassified,0,0,0,0,0,0,0,0,0,0,0,0,0,0,0,0,0,0,0,0,0,0,0,0,0,0,0,0,0,0,0,0,0,0,0,0,0,0,0,0,0,0,0,0,0,0,0,0,0,0,0,0,0,0,0,0,1,0,0,0,0,0,0,0,0,0,0,0,0,0,0,0,0,0,0,0,0
Bacteria;Planctomycetes;OM190;OM190_or;OM190_fa,0,0,0,0,0,0,0,0,0,0,0,0,0,0,0,0,0,0,0,0,0,0,0,0,0,0,0,0,0,0,0,0,0,0,0,0,0,0,0,0,0,0,0,0,0,0,0,0,0,0,0,0,0,0,0,0,2,0,0,0,0,0,0,0,0,0,0,0,0,0,0,0,0,0,0,0,0
Bacteria;Planctomycetes;Phycisphaerae;Phycisphaerae_unclassified;Phycisphaerae_unclassified,0,0,0,0,0,0,0,0,0,0,0,0,0,0,0,0,0,0,0,0,0,0,0,0,0,0,0,0,0,0,0,0,0,0,0,0,0,0,0,0,0,0,0,0,0,0,0,0,0,0,0,0,0,0,0,0,0,0,0,0,0,0,1,0,0,0,0,0,0,0,0,0,0,0,0,0,0
Bacteria;Planctomycetes;Phycisphaerae;Phycisphaerales;Phycisphaeraceae,0,0,0,0,0,0,0,0,0,0,0,0,0,0,0,0,0,0,0,0,0,0,0,0,0,0,0,0,0,0,0,0,0,0,0,0,0,0,0,0,0,0,0,0,0,0,0,0,0,0,0,0,0,0,0,0,8,0,0,0,0,0,0,0,0,0,0,0,0,0,0,0,0,0,0,0,0
Bacteria;Planctomycetes;Phycisphaerae;Tepidisphaerales;Tepidisphaerales_unclassified,0,0,0,0,0,0,0,0,0,0,0,0,0,0,0,0,0,0,0,0,0,0,0,0,0,0,0,0,0,0,0,0,0,0,0,0,0,0,0,0,0,0,0,0,0,0,0,0,0,0,0,0,0,0,0,0,0,0,0,0,0,0,8,0,0,0,0,0,0,0,0,0,0,0,0,0,0
Bacteria;Planctomycetes;Planctomycetacia;Gemmatales;Gemmataceae,0,0,0,0,0,0,0,0,0,0,0,0,0,0,0,0,0,0,0,0,0,0,0,0,0,0,0,0,0,0,0,0,0,0,0,0,0,0,0,0,0,0,0,0,0,0,0,0,0,0,0,0,0,0,0,2,0,0,0,0,0,0,0,0,0,0,0,0,0,0,0,0,0,0,0,0,0
Bacteria;Planctomycetes;Planctomycetacia;Isosphaerales;Isosphaeraceae,0,0,0,0,0,0,0,0,0,0,0,0,0,0,0,0,0,0,0,0,0,0,0,0,0,0,0,0,0,0,0,0,0,0,0,0,1,0,0,0,0,0,0,0,0,0,0,0,0,0,0,0,0,0,0,0,0,0,0,0,0,0,0,0,0,0,0,0,0,0,0,0,0,0,0,0,0
Bacteria;Planctomycetes;Planctomycetacia;Pirellulales;Pirellulaceae,0,0,35,0,0,2,0,0,0,0,0,0,0,1,0,0,0,3,7,0,0,0,0,0,0,0,0,0,0,0,0,2,0,0,0,0,0,0,0,0,0,0,0,0,0,0,0,0,0,0,8,0,0,0,0,1,49,5,0,0,0,10,16,0,53,0,0,0,0,0,19,0,6,0,0,0,0
Bacteria;Proteobacteria;Alphaproteobacteria;Acetobacterales;Acetobacteraceae,0,0,4,0,0,0,0,0,0,0,0,0,0,0,0,0,0,0,0,0,0,0,0,0,0,0,0,0,0,0,0,1,0,0,0,0,0,0,0,0,0,0,0,0,0,0,0,0,0,0,0,0,0,0,4,0,11,1,0,0,0,0,0,0,0,0,0,0,0,0,0,0,0,0,0,0,0
Bacteria;Proteobacteria;Alphaproteobacteria;Alphaproteobacteria_unclassified;Alphaproteobacteria_unclassified,0,0,5,0,0,0,0,0,0,0,0,0,0,0,0,0,0,0,1,0,0,0,0,0,0,0,0,0,0,0,0,0,0,0,0,2,0,0,3,0,0,0,0,0,2,0,0,0,0,0,0,0,0,0,0,0,31,1,0,0,0,0,29,0,0,0,0,0,1,0,4,0,0,0,0,0,0
Bacteria;Proteobacteria;Alphaproteobacteria;Caedibacterales;Caedibacteraceae,0,0,0,0,7,0,0,0,0,0,0,0,0,0,0,0,0,0,0,0,0,0,0,0,0,0,0,0,0,0,0,0,0,0,0,0,0,0,4,0,0,0,0,0,0,0,0,0,0,0,0,0,0,0,0,0,0,0,0,0,0,22,1,0,0,0,0,0,0,0,1,0,0,0,0,0,0
Bacteria;Proteobacteria;Alphaproteobacteria;Caulobacterales;Caulobacteraceae,0,0,0,0,4,11,14,0,1,0,16,0,0,0,0,0,1,13,0,0,0,1,0,0,25,0,0,16,1,0,1,1,0,11,0,35,5,1,8,13,27,39,23,47,6,44,0,0,3,9,21,0,10,17,1,0,11,1,101,15,0,83,127,1,22,0,1,0,0,13,17,7,13,3,2,0,1
Bacteria;Proteobacteria;Alphaproteobacteria;Caulobacterales;Hyphomonadaceae,0,0,0,0,0,0,0,0,0,0,0,0,0,0,0,0,0,0,0,0,0,0,0,0,0,0,0,0,0,0,0,0,0,0,0,0,0,0,0,0,0,0,0,0,0,0,0,0,0,0,0,0,0,0,0,0,2,0,0,0,0,0,0,0,0,0,0,0,0,0,0,0,0,0,0,0,0
Bacteria;Proteobacteria;Alphaproteobacteria;Holosporales;Holosporaceae,0,0,0,0,0,0,0,0,0,0,0,0,0,0,0,0,0,0,0,0,0,0,0,0,0,0,0,2,0,0,0,0,0,0,0,0,0,0,0,0,0,0,0,0,0,0,0,0,0,0,0,0,0,0,0,0,0,0,0,0,0,14,0,0,25,0,0,0,0,0,0,0,0,0,0,0,0
Bacteria;Proteobacteria;Alphaproteobacteria;Micavibrionales;Micavibrionaceae,0,0,0,0,0,0,0,0,0,0,0,0,0,0,0,0,0,0,0,0,0,0,0,0,0,0,0,0,0,0,0,0,0,0,0,0,0,0,0,0,0,0,0,0,0,0,0,0,0,0,0,0,0,0,0,0,3,0,0,0,0,0,0,0,0,0,0,0,0,0,0,0,0,0,0,0,0
Bacteria;Proteobacteria;Alphaproteobacteria;Micavibrionales;uncultured,0,0,0,0,0,0,0,0,0,0,0,0,0,0,0,0,0,0,0,0,0,0,0,0,0,0,0,0,0,0,0,0,0,0,0,0,0,0,0,0,0,0,0,0,0,0,0,0,0,0,0,0,0,0,0,0,0,0,0,0,0,0,1,0,0,0,0,0,0,0,0,0,0,0,0,0,0
Bacteria;Proteobacteria;Alphaproteobacteria;Micropepsales;Micropepsaceae,0,0,0,0,0,0,0,0,0,0,0,0,0,0,0,0,0,0,0,0,0,0,0,0,0,0,0,0,0,0,0,0,0,0,0,0,0,0,0,0,0,0,0,0,2,0,0,0,0,0,0,0,0,0,0,0,0,0,0,0,0,0,0,0,0,0,0,0,0,0,0,0,0,0,0,0,0
Bacteria;Proteobacteria;Alphaproteobacteria;Paracaedibacterales;Paracaedibacteraceae,0,0,1,0,0,0,0,0,0,0,0,0,0,0,0,0,0,0,0,0,0,0,0,0,0,0,0,0,0,0,0,0,0,0,0,0,0,0,0,0,0,0,0,0,0,0,0,0,0,0,0,0,0,0,0,0,9,2,0,0,0,0,0,0,0,0,0,0,0,0,0,0,0,0,0,0,0
Bacteria;Proteobacteria;Alphaproteobacteria;Parvibaculales;Parvibaculaceae,0,0,0,0,0,0,0,0,0,0,0,0,0,0,0,0,0,0,0,0,0,0,0,0,0,0,0,0,0,0,0,0,0,0,0,0,0,0,0,0,0,0,0,0,0,0,0,0,0,0,3,0,0,0,0,0,0,0,0,0,0,0,0,0,0,0,0,0,0,0,0,0,0,0,0,0,0
Bacteria;Proteobacteria;Alphaproteobacteria;Puniceispirillales;Puniceispirillales_Incertae_Sedis,0,0,0,0,0,0,0,0,0,0,0,0,0,0,0,0,0,0,0,0,0,0,0,0,0,0,0,0,0,0,0,0,0,0,0,0,0,0,0,0,0,0,0,0,0,0,0,0,0,0,2,0,0,0,0,0,0,0,0,0,0,0,0,0,0,0,0,0,0,0,0,0,0,0,0,0,0
Bacteria;Proteobacteria;Alphaproteobacteria;Reyranellales;Reyranellaceae,0,0,0,0,0,0,0,0,0,0,0,0,0,0,0,0,0,0,0,0,0,0,0,0,0,0,0,0,0,0,0,0,0,0,0,0,0,0,0,0,0,0,0,0,0,0,0,0,0,0,0,0,0,0,0,0,5,0,0,0,0,0,0,0,0,0,0,0,0,0,0,0,0,0,0,0,0
Bacteria;Proteobacteria;Alphaproteobacteria;Rhizobiales;Beijerinckiaceae,0,0,0,1,2,0,0,0,0,0,10,0,0,0,0,0,0,0,0,0,0,0,0,0,2,0,0,0,0,0,0,0,0,0,0,8,0,0,0,0,0,1,0,0,0,1,0,0,2,0,2,0,5,0,0,0,2,0,10,0,0,20,31,0,0,0,0,0,0,11,0,0,0,0,0,0,0
Bacteria;Proteobacteria;Alphaproteobacteria;Rhizobiales;Devosiaceae,0,0,0,0,0,0,0,0,0,0,0,0,0,0,0,0,0,1,0,0,0,0,0,0,0,0,0,0,0,0,2,0,0,0,0,0,0,0,0,0,0,0,0,0,0,0,0,1,0,0,6,0,0,0,1,0,11,0,0,0,1,0,42,0,0,0,0,0,0,0,0,0,0,0,0,0,0
Bacteria;Proteobacteria;Alphaproteobacteria;Rhizobiales;Hyphomicrobiaceae,0,0,0,0,0,0,0,0,0,0,0,0,0,0,0,0,0,0,0,0,0,0,0,0,0,0,0,0,0,0,0,0,0,0,0,0,0,0,0,0,0,0,0,0,0,0,0,0,0,0,0,0,0,0,0,0,9,0,0,0,0,1,0,0,0,0,0,0,0,0,0,0,0,0,0,0,0
Bacteria;Proteobacteria;Alphaproteobacteria;Rhizobiales;Rhizobiaceae,0,0,0,0,0,0,0,0,0,0,0,0,2,1,0,0,0,43,0,0,0,0,0,0,0,0,0,0,0,0,0,1,0,0,0,0,0,0,0,0,0,0,6,0,2,0,0,0,1,1,32,0,0,0,5,0,12,14,0,0,0,2,158,0,0,0,0,0,0,0,0,0,35,0,0,0,0
Bacteria;Proteobacteria;Alphaproteobacteria;Rhizobiales;Rhizobiales_unclassified,0,0,0,0,0,0,0,0,0,0,0,0,0,0,0,1,0,0,0,0,0,0,0,0,0,0,0,0,0,0,0,0,0,0,0,0,0,0,0,0,0,0,0,0,0,0,0,0,0,0,0,0,0,0,0,0,7,0,0,0,0,0,250,0,0,0,0,0,0,0,0,0,28,0,0,0,0
Bacteria;Proteobacteria;Alphaproteobacteria;Rhizobiales;Xanthobacteraceae,0,0,0,0,0,0,0,0,0,21,22,0,0,2,0,1,0,3,0,1,0,0,2,0,47,0,0,0,0,0,1,0,0,0,0,7,2,0,17,25,49,11,3,39,7,10,2,0,1,0,0,2,4,13,0,0,1,10,40,8,0,94,26,0,2,0,3,0,0,24,4,3,7,1,0,0,1
Bacteria;Proteobacteria;Alphaproteobacteria;Rhodobacterales;Rhodobacteraceae,0,0,0,0,0,0,0,0,0,0,0,0,0,4,0,3,0,1,0,1,0,0,1,0,0,0,3,0,0,0,6,0,0,0,0,0,0,5,0,2,0,0,0,0,28,0,2,0,20,1,21,3,21,0,1,0,67,15,71,0,1,0,743,1,5,0,0,0,0,0,0,0,0,0,0,0,2
Bacteria;Proteobacteria;Alphaproteobacteria;Rhodospirillales;Rhodospirillales_unclassified,0,0,9,0,0,0,0,0,0,0,0,0,0,1,0,0,1,18,0,0,0,0,0,0,0,0,0,0,0,0,0,0,0,0,0,0,0,2,0,0,0,0,10,0,0,0,0,0,0,0,0,0,0,0,0,0,9,0,1,0,0,12,0,0,0,0,0,0,0,0,0,0,0,0,0,0,0
Bacteria;Proteobacteria;Alphaproteobacteria;Rhodospirillales;uncultured,0,0,54,0,0,1,0,1,0,0,0,0,0,7,0,0,0,21,5,1,3,0,6,0,0,0,1,0,0,0,0,0,0,0,0,0,0,0,1,0,0,32,0,0,0,0,0,0,0,0,4,1,0,3,2,0,52,20,87,0,0,29,0,0,0,0,0,0,0,0,2,0,0,0,0,0,0
Bacteria;Proteobacteria;Alphaproteobacteria;Rhodovibrionales;Fodinicurvataceae,0,0,0,0,0,0,0,0,0,0,0,0,0,0,0,0,0,0,0,0,0,0,0,0,0,0,0,0,0,0,0,0,0,0,0,0,0,0,0,0,0,0,0,0,0,0,0,0,0,0,20,0,0,0,0,0,0,0,0,0,0,0,0,0,0,0,0,0,0,0,0,0,0,0,0,0,0
Bacteria;Proteobacteria;Alphaproteobacteria;Rickettsiales;uncultured,0,0,6,0,0,0,0,0,0,0,0,0,0,0,0,0,1,0,0,0,0,0,0,0,0,0,0,0,0,0,0,0,0,0,0,0,0,0,0,0,0,0,0,0,0,0,0,0,0,0,0,0,0,0,0,0,7,0,0,0,0,0,0,0,0,0,0,0,0,0,0,0,3,0,0,0,0
Bacteria;Proteobacteria;Alphaproteobacteria;Sneathiellales;Sneathiellaceae,0,0,0,0,0,0,0,0,0,0,0,0,0,0,0,0,0,0,0,0,0,0,0,0,0,0,0,0,0,0,0,0,0,0,0,0,0,0,0,0,0,0,0,0,0,0,0,0,0,0,0,0,0,0,0,0,0,0,47,0,0,0,0,0,0,0,0,0,0,0,0,0,0,0,0,0,0
Bacteria;Proteobacteria;Alphaproteobacteria;Sphingomonadales;Sphingomonadaceae,0,2,1,0,15,0,0,1,0,15,16,0,0,0,0,0,0,19,1,0,0,2,0,0,0,0,1,0,0,0,1,0,0,32,0,1,1,0,26,3,0,40,21,53,0,0,5,0,9,0,9,1,0,27,0,0,24,0,38,0,0,92,96,5,14,0,0,0,0,2,32,5,20,1,0,0,0
Bacteria;Proteobacteria;Deltaproteobacteria;Bdellovibrionales;Bacteriovoracaceae,0,0,0,0,0,0,0,0,0,0,0,0,0,0,0,0,0,0,0,0,0,0,0,0,0,0,0,0,0,0,0,0,0,0,0,0,0,0,0,0,0,0,0,0,0,0,0,0,0,0,1,0,0,0,0,0,2,0,0,0,0,0,59,0,0,0,0,0,0,0,0,0,0,0,0,0,0
Bacteria;Proteobacteria;Deltaproteobacteria;Bdellovibrionales;Bdellovibrionaceae,0,0,0,0,0,0,0,0,0,0,0,0,0,0,0,0,0,0,0,0,0,0,0,0,0,0,0,0,0,0,0,0,0,0,0,0,0,0,0,0,0,0,0,0,0,0,0,0,0,0,9,0,0,0,1,0,3,0,0,0,0,0,122,0,0,0,0,0,0,0,0,0,0,0,0,0,0
Bacteria;Proteobacteria;Deltaproteobacteria;Bradymonadales;Bradymonadaceae,0,0,0,0,0,0,0,0,0,0,0,0,0,0,0,0,0,0,0,0,0,0,0,0,0,0,0,0,0,0,0,0,0,0,0,0,0,0,0,0,0,0,0,0,0,0,0,0,0,0,0,0,0,0,0,0,0,2,0,0,0,0,0,0,0,0,0,0,0,0,0,0,18,0,0,0,0
Bacteria;Proteobacteria;Deltaproteobacteria;Bradymonadales;Bradymonadales_fa,0,0,7,0,0,0,0,0,0,0,0,0,0,0,0,0,0,0,0,0,0,0,0,0,0,0,0,0,0,0,0,5,0,0,0,0,0,0,0,0,0,0,2,0,0,0,0,0,1,0,5,0,0,0,0,1,2,0,0,0,0,0,0,0,0,0,0,0,0,0,0,0,0,0,0,0,0
Bacteria;Proteobacteria;Deltaproteobacteria;Deltaproteobacteria_unclassified;Deltaproteobacteria_unclassified,0,0,0,0,0,0,0,1,0,0,0,0,0,0,0,2,0,0,0,0,0,0,0,0,0,0,0,0,0,0,0,1,0,5,0,0,21,0,0,0,0,0,0,0,5,0,0,0,1,5,1,0,0,1,0,3,3,0,0,0,0,0,0,2,0,0,0,0,0,0,0,5,0,1,0,0,0
Bacteria;Proteobacteria;Deltaproteobacteria;Desulfobacterales;Desulfobacteraceae,0,0,0,0,0,0,0,0,0,0,0,0,0,0,0,0,0,0,0,0,0,0,0,0,0,0,0,0,0,0,0,0,0,0,0,0,0,0,0,0,0,0,0,0,4,0,0,0,0,0,0,0,0,0,0,0,0,0,0,0,0,0,0,0,0,0,0,0,0,0,0,0,0,0,0,0,0
Bacteria;Proteobacteria;Deltaproteobacteria;Desulfobacterales;Desulfobulbaceae,0,0,0,0,0,0,0,0,0,0,0,0,4,0,0,0,0,42,0,0,0,0,0,0,0,0,0,0,0,0,6,0,0,0,0,0,0,0,0,0,0,0,29,0,10,0,0,0,6,0,0,0,0,55,10,4,76,0,0,0,1,0,0,0,0,0,0,0,3,0,0,2,65,0,0,0,1
Bacteria;Proteobacteria;Deltaproteobacteria;Desulfovibrionales;Desulfomicrobiaceae,0,0,0,0,0,0,0,0,0,0,0,0,0,2,0,0,0,0,0,0,0,0,0,0,0,0,3,0,0,0,0,0,0,0,0,0,0,0,77,0,0,5,0,0,0,0,0,0,0,0,6,0,0,0,0,7,18,0,0,0,0,0,0,0,0,0,0,0,1,0,0,0,22,0,0,0,0
Bacteria;Proteobacteria;Deltaproteobacteria;Desulfovibrionales;Desulfovibrionaceae,0,0,128,13,16,2,0,136,2,30,107,0,30,185,0,22,8,105,2,0,7,0,4,0,6,1,82,0,0,0,21,18,0,384,0,40,1349,2,38,105,31,17,257,3,242,14,7,2,21,436,95,6,0,22,27,648,465,39,84,0,2,48,12,191,9,0,1,0,43,0,15,266,18,26,7,0,17
Bacteria;Proteobacteria;Deltaproteobacteria;Desulfovibrionales;Desulfovibrionales_unclassified,0,0,0,0,0,0,0,0,0,0,0,0,0,1,0,0,0,0,0,0,0,0,0,0,0,0,0,0,0,0,0,0,0,4,0,0,6,0,0,0,0,0,0,0,1,0,0,0,0,2,1,0,0,0,0,0,1,0,0,0,0,0,0,3,0,0,0,0,0,0,0,0,0,0,0,0,0
Bacteria;Proteobacteria;Deltaproteobacteria;Desulfuromonadales;Geobacteraceae,0,0,0,0,0,0,0,0,0,0,0,0,0,0,0,0,0,0,0,0,0,0,0,0,0,0,0,0,0,0,0,0,0,0,0,0,1,0,0,0,0,0,0,0,0,0,0,0,0,0,0,0,0,0,0,0,0,0,0,0,0,0,0,0,0,0,0,0,0,0,0,0,0,0,0,0,0
Bacteria;Proteobacteria;Deltaproteobacteria;Myxococcales;Haliangiaceae,0,0,0,0,0,0,0,0,0,0,0,0,0,0,0,0,0,0,0,0,0,0,0,0,0,0,0,0,0,0,0,0,0,0,0,0,0,0,0,0,0,0,0,0,0,0,0,0,0,0,0,0,0,0,0,0,0,0,0,0,0,0,1,0,0,0,0,0,0,0,0,0,0,0,0,0,0
Bacteria;Proteobacteria;Deltaproteobacteria;Myxococcales;Polyangiaceae,0,0,0,0,0,0,0,0,0,0,0,0,0,0,0,0,0,0,0,0,0,0,0,0,0,0,0,0,0,0,0,0,0,0,0,0,0,0,0,2,0,0,0,0,0,0,0,0,0,0,0,0,0,0,0,0,0,0,0,0,0,0,38,0,0,0,0,0,0,0,0,0,0,0,0,0,0
Bacteria;Proteobacteria;Deltaproteobacteria;Myxococcales;Sandaracinaceae,0,0,0,0,0,0,0,0,0,0,0,0,0,0,0,0,0,0,0,0,0,0,0,0,0,0,0,0,0,0,0,0,0,0,0,0,0,0,0,0,0,0,0,0,0,0,0,0,0,0,4,0,0,0,0,0,5,0,0,0,0,0,0,0,0,0,0,0,0,0,0,0,0,0,0,0,0
Bacteria;Proteobacteria;Deltaproteobacteria;Oligoflexales;0319-6G20,0,0,0,0,0,0,0,0,0,0,0,0,0,0,0,0,0,0,0,0,0,0,0,0,0,0,0,16,0,0,0,0,0,0,0,0,0,0,1,2,0,31,0,0,10,0,6,0,9,0,0,0,0,0,2,0,4,0,1,0,0,0,20,0,0,0,0,0,0,0,0,0,45,0,0,0,1
Bacteria;Proteobacteria;Deltaproteobacteria;Oligoflexales;Oligoflexaceae,0,0,0,0,0,0,0,0,0,0,0,0,0,0,0,0,0,0,0,0,0,0,0,0,0,0,0,0,0,0,0,0,0,0,0,0,0,0,0,0,0,0,0,0,0,0,0,0,0,0,0,0,0,0,4,0,0,0,0,0,0,0,0,0,0,0,0,0,0,0,0,0,0,0,0,0,0
Bacteria;Proteobacteria;Deltaproteobacteria;RCP2-54;RCP2-54_fa,0,0,0,0,0,0,0,0,0,0,0,0,0,0,0,0,2,0,0,0,0,0,0,0,0,0,0,0,0,0,0,0,0,0,0,0,0,0,0,0,0,0,0,0,0,0,0,0,0,0,0,0,0,0,0,0,0,0,0,0,0,0,0,0,0,0,0,0,0,0,0,0,0,0,0,0,0
Bacteria;Proteobacteria;Gammaproteobacteria;Aeromonadales;Aeromonadaceae,0,0,0,0,0,0,0,0,0,0,0,0,0,0,0,0,0,0,0,0,0,0,0,0,0,0,0,0,0,0,0,0,0,0,0,0,0,0,0,0,0,0,0,0,0,0,0,0,4,0,22,0,0,0,0,0,2,0,0,0,0,0,0,0,0,0,0,0,0,0,0,0,0,0,0,0,0
Bacteria;Proteobacteria;Gammaproteobacteria;Aeromonadales;Succinivibrionaceae,0,0,14,0,1,0,0,5,0,0,8,0,2,9,0,0,13,54,2,1,1,0,0,0,31,0,7,0,0,0,0,0,0,18,0,0,2,0,4,2,0,0,22,0,0,0,0,0,0,0,2,6,0,0,7,0,26,0,37,0,0,0,5,0,19,0,0,0,0,0,0,0,0,1,0,0,0
Bacteria;Proteobacteria;Gammaproteobacteria;Alteromonadales;Alteromonadaceae,0,0,0,0,0,0,0,0,0,0,0,0,0,0,0,0,0,0,0,0,0,0,0,0,0,0,0,0,0,0,0,0,0,0,0,0,0,0,0,0,0,0,0,0,0,0,0,1,1,1,1,0,7,0,0,0,32,0,0,0,0,5,0,0,0,0,0,0,0,0,0,0,0,0,0,0,0
Bacteria;Proteobacteria;Gammaproteobacteria;Alteromonadales;Idiomarinaceae,0,0,1,0,0,0,0,0,0,0,0,0,0,0,0,0,0,0,0,0,0,0,0,0,0,0,0,0,0,0,0,0,0,0,0,0,0,0,0,0,0,0,0,0,98,0,0,0,0,0,28,0,0,14,0,0,21,0,0,0,0,0,0,0,0,0,0,0,0,0,0,0,0,0,0,0,0
Bacteria;Proteobacteria;Gammaproteobacteria;Alteromonadales;Marinobacteraceae,0,0,0,0,0,0,0,0,0,0,0,0,0,0,0,0,0,0,0,0,0,0,0,0,0,0,0,0,0,0,0,0,0,0,0,0,0,0,0,0,0,0,0,0,0,0,0,0,0,0,9,0,0,0,0,0,0,0,0,0,0,0,10,0,0,0,0,0,0,0,0,0,0,0,0,0,0
Bacteria;Proteobacteria;Gammaproteobacteria;Betaproteobacteriales;Betaproteobacteriales_unclassified,0,0,0,0,0,0,0,0,0,0,0,0,0,0,0,0,0,1,0,0,0,0,0,0,0,0,1,0,0,0,0,0,0,0,0,0,0,0,0,0,0,0,0,0,2,0,0,0,0,0,0,0,0,0,0,0,1,1,0,0,0,1,0,0,0,0,0,0,0,0,0,0,0,0,0,0,0
Bacteria;Proteobacteria;Gammaproteobacteria;Betaproteobacteriales;Burkholderiaceae,2,10,49,3,53,30,56,4,1,47,84,0,172,93,1,9,51,1192,48,141,1170,0,14,0,82,0,43,110,1,1,70,48,0,20,0,31,11,8,157,19,132,88,144,219,391,38,21,6,1126,25,159,9,56,1232,49,2,1226,61,266,110,5,195,8913,11,142,0,18,0,5,68,122,93,1107,25,5,0,11
Bacteria;Proteobacteria;Gammaproteobacteria;Betaproteobacteriales;Methylophilaceae,0,0,0,0,0,0,0,0,0,0,0,0,0,0,0,0,0,0,0,0,0,0,0,0,0,0,0,0,0,0,0,0,0,0,0,0,0,0,0,0,0,0,0,0,0,0,0,0,0,0,8,0,0,0,0,0,0,0,0,0,0,0,0,0,0,0,0,0,0,0,0,0,0,0,0,0,0
Bacteria;Proteobacteria;Gammaproteobacteria;Betaproteobacteriales;Neisseriaceae,0,0,2,0,1,0,0,0,0,0,0,0,1,0,0,0,0,11,0,0,0,0,0,4,8,6,2,22490,23539,14557,1,0,0,0,0,0,0,0,1,0,0,0,3,0,1,0,0,0,24,3,2,0,0,0,0,0,0,12,6,0,0,27,2,0,0,0,0,0,0,0,1,0,0,0,0,0,0
Bacteria;Proteobacteria;Gammaproteobacteria;Betaproteobacteriales;Nitrosomonadaceae,0,3,0,0,0,0,0,0,0,0,0,0,1,0,0,0,0,0,0,0,0,0,0,0,0,0,0,0,0,0,1,0,0,0,0,1,0,0,0,0,0,0,0,0,0,0,0,0,3,0,0,0,0,0,0,0,2,0,0,0,0,0,0,2,0,0,0,0,0,0,0,0,0,0,0,0,0
Bacteria;Proteobacteria;Gammaproteobacteria;Betaproteobacteriales;Rhodocyclaceae,0,0,2,0,0,0,0,0,0,0,0,0,0,0,0,0,0,5,0,0,0,0,0,0,0,0,0,0,0,0,0,0,0,0,0,0,0,0,0,0,0,0,0,0,0,0,0,0,23,0,19,0,0,35,1,0,108,15,0,0,0,0,34,0,0,0,0,0,0,0,0,0,0,0,0,0,0
Bacteria;Proteobacteria;Gammaproteobacteria;Betaproteobacteriales;SC-I-84,0,0,0,0,0,0,0,0,0,0,0,0,0,0,0,0,0,0,0,0,0,0,0,0,0,0,0,0,0,0,0,0,0,0,0,0,0,0,0,0,0,0,0,0,0,0,0,0,0,0,0,0,0,0,0,0,0,0,0,0,0,4,0,0,0,0,0,0,0,0,0,0,0,0,0,0,0
Bacteria;Proteobacteria;Gammaproteobacteria;Betaproteobacteriales;TRA3-20,0,0,0,0,0,0,0,0,0,0,0,0,0,0,0,0,0,0,0,0,0,0,0,0,0,0,0,0,0,0,0,0,0,0,0,0,0,0,0,0,0,0,0,0,0,0,0,0,0,0,0,0,0,0,0,0,4,0,0,0,0,0,0,0,0,0,0,0,0,0,0,0,0,0,0,0,0
Bacteria;Proteobacteria;Gammaproteobacteria;CCM19a;CCM19a_fa,0,0,0,0,0,0,0,0,0,0,0,0,0,0,0,0,0,0,0,0,0,0,0,0,0,0,0,0,0,0,0,0,0,0,0,0,0,0,0,0,0,0,0,0,0,0,0,0,0,0,0,0,0,0,0,0,11,0,0,0,0,0,0,0,0,0,0,0,0,0,0,0,0,0,0,0,0
Bacteria;Proteobacteria;Gammaproteobacteria;Cardiobacteriales;Cardiobacteriaceae,7,1,316,250,2,2707,1,77,1,0,0,0,178,142,0,0,0,1,234,26,0,150,0,0,0,0,0,0,0,0,0,3,0,5157,0,16,8,5,1,0,1049,0,362,4943,632,3751,0,1,1001,429,990,673,0,139,1073,0,0,1,0,2236,21,1,0,1097,0,1,0,0,0,9,0,510,254,0,181,0,0
Bacteria;Proteobacteria;Gammaproteobacteria;Cardiobacteriales;Wohlfahrtiimonadaceae,0,0,0,0,0,107,0,0,0,0,0,0,188,47,0,0,0,27,0,0,0,0,0,0,0,0,2,0,0,0,0,0,0,0,0,0,0,0,4,0,66,0,97,0,8,0,0,0,0,0,0,0,0,0,0,1,69,4,0,0,0,0,0,0,0,0,0,0,13,0,0,0,0,1,0,0,0
Bacteria;Proteobacteria;Gammaproteobacteria;Cellvibrionales;Cellvibrionaceae,0,0,0,0,0,0,0,0,0,0,0,0,0,0,0,0,0,11,0,0,0,0,0,0,0,0,0,0,0,0,0,0,0,0,0,0,0,0,0,0,0,0,0,0,0,0,0,0,0,0,12,0,0,0,0,0,2,0,0,0,0,0,0,0,0,0,0,0,0,0,0,0,0,0,0,0,0
Bacteria;Proteobacteria;Gammaproteobacteria;Cellvibrionales;Cellvibrionales_unclassified,0,0,0,0,0,0,0,0,0,0,0,0,0,0,0,0,0,0,0,0,0,0,0,0,0,0,0,0,0,0,0,0,0,0,0,0,0,0,0,0,0,0,0,0,0,0,0,0,0,0,3,0,0,0,0,0,3,0,0,0,0,0,0,0,0,0,0,0,0,0,0,0,0,0,0,0,0
Bacteria;Proteobacteria;Gammaproteobacteria;Cellvibrionales;Porticoccaceae,0,0,0,0,0,0,0,0,0,0,0,0,0,0,0,0,0,0,0,0,0,0,0,0,0,0,0,0,0,0,0,0,0,0,0,0,0,0,0,0,0,0,0,0,0,0,0,0,0,0,2,0,0,0,2,0,6,0,0,0,0,0,0,0,0,0,0,0,0,0,0,0,0,0,0,0,0
Bacteria;Proteobacteria;Gammaproteobacteria;Cellvibrionales;Spongiibacteraceae,0,0,0,0,0,0,0,0,0,0,0,0,0,0,0,0,0,0,0,0,0,0,0,0,0,0,0,0,0,0,0,0,0,0,0,0,0,0,0,0,0,0,0,0,0,0,0,0,0,0,0,0,0,0,0,0,1,0,0,0,0,0,0,0,0,0,0,0,0,0,0,0,0,0,0,0,0
Bacteria;Proteobacteria;Gammaproteobacteria;Competibacterales;Competibacteraceae,0,0,0,0,0,0,0,0,0,0,0,0,0,0,0,0,0,0,0,0,0,0,0,0,0,0,0,0,0,0,0,0,0,0,0,0,0,0,0,0,0,0,0,0,0,0,0,0,0,0,0,0,0,0,0,0,16,0,0,0,0,0,0,0,0,0,0,0,0,0,0,0,0,0,0,0,0
Bacteria;Proteobacteria;Gammaproteobacteria;Coxiellales;Coxiellaceae,0,0,0,0,0,0,0,0,0,0,0,0,0,0,0,0,0,0,0,0,0,0,0,0,0,0,0,0,0,0,0,0,0,0,0,0,0,0,0,0,0,0,0,0,0,0,0,0,0,0,0,2,0,0,0,0,0,0,0,0,0,0,0,0,0,0,0,0,0,0,0,0,0,0,0,0,0
Bacteria;Proteobacteria;Gammaproteobacteria;EPR3968-O8a-Bc78;EPR3968-O8a-Bc78_fa,0,0,0,0,0,0,0,0,0,0,0,0,0,0,0,0,0,0,0,0,0,0,0,0,0,0,0,0,0,0,0,0,0,0,0,0,0,0,0,0,0,0,0,0,0,0,0,0,0,0,3,0,0,0,0,0,0,0,0,0,0,0,0,0,0,0,0,0,0,0,0,0,0,0,0,0,0
Bacteria;Proteobacteria;Gammaproteobacteria;Ectothiorhodospirales;Thioalkalispiraceae,0,0,0,0,0,0,0,0,0,0,0,0,0,0,0,0,0,0,0,0,0,0,0,0,0,0,0,0,0,0,0,0,0,0,0,0,0,0,0,0,0,0,0,0,0,0,0,0,0,0,0,0,0,0,0,0,6,0,0,0,0,0,0,0,0,0,0,0,0,0,0,0,0,0,0,0,0
Bacteria;Proteobacteria;Gammaproteobacteria;Enterobacteriales;Enterobacteriaceae,1,0,0,4,45,1,0,0,0,11,8,0,1,7,0,0,20,66,2,13,2,2,2,7,19,8,7,15160,16256,12333,4,0,0,29,0,10,1,1,16,0,24,93,8,41,1,0,6,3,5,3,17,1,28,106,0,1,14,37,24,12,73,9,0,2,22,0,2,0,1,333,12,8,19,7,1,0,0
Bacteria;Proteobacteria;Gammaproteobacteria;Gammaproteobacteria_Incertae_Sedis;Unknown_Family,0,0,0,0,0,0,2,0,0,11,0,0,0,0,0,0,0,10,0,0,0,0,0,0,0,0,1,11,2,1,0,0,0,0,0,0,0,0,8,9,17,7,3,48,0,19,2,0,2,1,2,0,2,0,6,0,6,9,29,0,0,89,7,0,4,0,3,0,0,0,3,0,0,3,1,0,0
Bacteria;Proteobacteria;Gammaproteobacteria;Gammaproteobacteria_unclassified;Gammaproteobacteria_unclassified,0,0,1,0,0,0,0,1,0,0,0,0,1,53,0,0,6,2,1,0,0,0,2,0,0,0,10,0,0,0,3,0,0,0,0,0,0,0,10,0,0,0,0,1,170,0,3,1,8,0,94,0,0,9,10,0,133,30,0,0,0,0,12,0,2,0,0,0,0,0,0,3,26,0,0,0,0
Bacteria;Proteobacteria;Gammaproteobacteria;Legionellales;Legionellaceae,0,0,0,0,0,0,0,0,0,0,0,0,0,0,0,0,0,0,0,0,0,0,0,0,0,0,0,0,0,0,0,0,0,0,0,0,0,0,0,0,0,0,0,0,0,0,0,0,0,0,0,0,0,0,0,0,5,0,0,0,0,0,0,0,0,0,0,0,0,0,0,0,0,0,0,0,0
Bacteria;Proteobacteria;Gammaproteobacteria;Nitrosococcales;Methylophagaceae,0,0,0,0,0,0,0,0,0,0,0,0,0,0,0,0,0,0,0,0,0,0,0,0,0,0,0,0,0,0,0,0,0,0,0,0,0,0,0,0,0,0,0,0,0,0,0,0,3,0,2,0,0,0,0,0,1,0,0,0,0,0,0,0,0,0,0,0,0,0,0,0,0,0,0,0,0
Bacteria;Proteobacteria;Gammaproteobacteria;Oceanospirillales;Alcanivoracaceae,0,0,0,0,0,0,0,0,0,0,0,0,0,0,0,0,0,0,0,0,0,0,0,0,1,0,0,0,0,0,0,0,0,0,0,0,0,0,0,0,0,0,0,0,0,0,0,0,0,0,3,0,0,0,0,0,0,0,0,0,0,0,0,0,0,0,0,0,0,0,0,0,0,0,0,0,0
Bacteria;Proteobacteria;Gammaproteobacteria;Oceanospirillales;Halomonadaceae,0,2,42,0,0,0,0,0,0,0,0,0,0,19,0,0,10,79,0,0,0,0,0,0,0,0,4,0,0,0,0,0,0,0,0,0,0,0,0,0,0,0,0,0,32,0,0,0,12,6,30,0,0,61,0,0,62,0,0,0,0,0,22,1,15,0,0,0,0,0,19,0,2,0,0,0,0
Bacteria;Proteobacteria;Gammaproteobacteria;Oceanospirillales;Pseudohongiellaceae,0,0,0,0,0,0,0,0,0,0,0,0,0,0,0,0,0,0,0,0,0,0,0,0,0,0,0,0,0,0,0,0,0,0,0,0,0,0,0,0,0,0,0,0,0,0,0,0,0,0,1,0,0,0,0,0,0,0,0,0,0,0,0,0,0,0,0,0,0,0,0,0,0,0,0,0,0
Bacteria;Proteobacteria;Gammaproteobacteria;Oceanospirillales;Saccharospirillaceae,0,0,0,0,0,0,0,0,0,0,0,0,0,0,0,0,0,0,0,0,0,0,0,0,0,0,1,0,0,0,0,0,0,0,0,0,0,0,0,0,0,0,0,0,1,0,0,0,0,0,8,0,0,0,0,0,24,0,0,0,0,0,0,0,0,0,0,0,0,0,0,0,0,0,0,0,0
Bacteria;Proteobacteria;Gammaproteobacteria;Pasteurellales;Pasteurellaceae,0,0,0,0,0,0,0,0,0,0,0,0,0,1,0,0,0,0,1,0,0,0,0,0,0,0,0,0,0,0,0,0,0,0,0,0,0,0,13,0,0,0,0,16,0,0,0,0,0,0,0,0,0,5,0,1,0,0,0,0,0,0,0,0,0,0,0,0,0,0,0,0,0,0,0,0,0
Bacteria;Proteobacteria;Gammaproteobacteria;Pseudomonadales;Moraxellaceae,2,18,131,7,56,23,115,10,6,12,124,0,54,5567,0,85,190,2407,679,27,30,6,67,0,781,0,74,226,196,148,36,4,0,9,0,93,24,60,643,50,1,360,546,49,4910,63,18,36,387,3043,444,110,156,1309,232,22,1844,185,2817,19,18,230,4488,30,196,0,9,0,19,179,45,52,723,23,6,1,2
Bacteria;Proteobacteria;Gammaproteobacteria;Pseudomonadales;Pseudomonadaceae,0,2,22,4,17,6,0,1,1,0,35,0,52,80,0,1,9,181,3,1,5,0,3,0,45,0,25,119,78,73,5,1,0,72,0,35,3,23,28,13,84,3,35,35,235,6,15,2,52,3,115,9,5,45,0,0,215,17,9,13,3,46,27,5,31,0,4,0,3,10,58,7,49,0,0,0,0
Bacteria;Proteobacteria;Gammaproteobacteria;R7C24;R7C24_fa,0,0,0,0,0,0,0,0,0,0,0,0,0,0,0,0,0,0,0,0,0,0,0,0,0,0,0,0,0,0,0,0,0,0,0,0,0,0,0,0,0,0,0,0,0,0,0,0,0,0,0,0,0,0,0,0,4,0,0,0,0,0,0,0,0,0,0,0,0,0,0,0,0,0,0,0,0
Bacteria;Proteobacteria;Gammaproteobacteria;Steroidobacterales;Steroidobacteraceae,0,0,0,0,0,0,0,0,0,0,0,0,0,0,0,0,0,0,0,0,0,0,0,0,0,0,0,0,0,0,0,0,0,0,0,0,0,0,0,0,0,0,0,0,0,0,0,0,0,0,0,0,0,0,0,0,12,0,0,0,0,0,0,0,0,0,0,0,0,0,0,0,0,0,0,0,0
Bacteria;Proteobacteria;Gammaproteobacteria;Thiomicrospirales;Thiomicrospiraceae,0,0,0,0,0,0,0,0,0,0,0,0,0,0,0,0,0,0,0,0,0,0,0,0,0,0,0,0,0,0,0,0,0,0,0,0,0,0,0,0,0,0,0,0,0,0,0,0,0,0,2,0,0,0,0,0,0,0,0,0,0,0,0,0,0,0,0,0,0,0,0,0,0,0,0,0,0
Bacteria;Proteobacteria;Gammaproteobacteria;Thiotrichales;Thiotrichaceae,0,0,0,0,0,0,0,0,0,0,0,0,0,0,0,0,0,0,0,0,0,0,0,0,0,0,0,0,0,0,0,0,0,0,0,0,0,0,0,0,0,0,0,0,0,0,0,0,0,0,0,0,0,0,0,0,0,0,0,0,0,0,0,3,0,0,0,0,0,0,0,0,0,0,0,0,0
Bacteria;Proteobacteria;Gammaproteobacteria;Vibrionales;Vibrionaceae,0,0,0,0,0,0,0,0,0,0,0,0,0,0,0,0,0,0,0,0,0,0,0,0,0,0,1,0,0,0,0,0,0,0,0,0,0,0,0,0,0,0,0,0,0,0,0,0,0,0,3,0,0,0,0,0,0,0,0,0,0,0,0,0,0,0,0,0,0,0,0,0,0,0,0,0,0
Bacteria;Proteobacteria;Gammaproteobacteria;Xanthomonadales;Rhodanobacteraceae,0,0,0,0,0,0,0,0,0,0,0,0,0,0,0,0,0,0,0,0,0,0,0,0,0,0,0,0,0,0,1,0,0,0,0,0,0,0,0,0,0,0,0,0,0,0,0,0,0,0,1,0,0,0,0,0,10,0,0,0,0,0,737,0,0,0,0,0,0,0,0,0,0,0,0,0,0
Bacteria;Proteobacteria;Gammaproteobacteria;Xanthomonadales;Xanthomonadaceae,3,233,72,22,397,23,215,4,26,122,409,0,67,24,1,22,153,2994,35,6,6,37,21,0,123,0,6,0,0,0,25,6,0,1497,0,1158,17,643,331,3,1550,431,325,349,51,66,448,65,33,3,57,11,265,259,41,1,445,57,1035,52,8,937,805,52,1150,0,223,0,20,261,1193,50,470,35,0,0,3
Bacteria;Proteobacteria;Gammaproteobacteria;Xanthomonadales;Xanthomonadales_unclassified,0,0,0,0,0,0,0,0,0,0,0,0,0,0,0,0,0,0,0,0,0,0,0,0,0,0,0,0,0,0,0,0,0,0,0,0,0,0,0,0,0,0,0,0,0,0,0,0,0,0,0,0,0,0,0,0,9,0,0,0,0,0,0,0,0,0,0,0,0,0,0,0,0,0,0,0,0
Bacteria;Proteobacteria;Proteobacteria_unclassified;Proteobacteria_unclassified;Proteobacteria_unclassified,0,0,0,0,0,0,0,5,0,0,0,0,0,3,0,0,0,0,0,0,0,0,0,0,0,0,0,0,0,0,0,0,0,13,0,0,38,54,30,0,0,0,5,0,10,0,0,0,1,2,3,0,0,78,15,3,2,0,0,0,0,0,6,1,0,0,0,0,3,0,0,3,4,2,0,0,4
Bacteria;RsaHf231;RsaHf231_cl;RsaHf231_or;RsaHf231_fa,0,0,0,0,0,0,0,0,0,0,0,0,0,2,0,0,0,0,0,0,0,0,0,0,0,0,0,0,0,0,0,0,0,0,0,0,0,0,0,0,0,0,0,0,5,0,0,0,0,0,0,0,0,0,0,0,5,0,0,0,0,0,0,0,0,0,0,0,0,0,0,0,0,0,0,0,0
Bacteria;Spirochaetes;Leptospirae;Leptospirales;Leptospiraceae,0,0,0,0,0,0,0,0,0,0,0,0,0,0,0,0,0,0,0,0,0,0,0,0,0,0,0,0,0,0,0,0,0,0,0,0,0,0,0,0,0,0,0,0,0,0,0,0,0,0,0,0,0,0,1,0,0,0,0,0,0,0,0,0,0,0,0,0,0,0,0,0,0,0,0,0,0
Bacteria;Spirochaetes;MVP-15;MVP-15_or;MVP-15_fa,0,0,0,0,0,0,0,0,0,0,0,0,0,0,0,0,0,0,0,0,0,0,0,0,0,0,0,0,0,0,0,0,0,0,0,0,0,0,0,0,0,0,0,0,0,0,0,0,0,0,25,0,0,0,0,0,0,0,0,0,0,0,0,0,0,0,0,0,0,0,0,0,0,0,0,0,0
Bacteria;Spirochaetes;Spirochaetes_unclassified;Spirochaetes_unclassified;Spirochaetes_unclassified,0,0,0,0,0,0,0,0,0,0,0,0,0,0,0,7,0,0,2,0,0,0,2,0,0,0,2,0,0,0,0,0,0,12,0,0,3,0,0,0,0,0,0,1,0,0,0,0,0,0,0,0,0,1,0,0,2,2,0,1,0,0,0,0,0,0,0,0,1,1,0,0,6,0,0,0,0
Bacteria;Spirochaetes;Spirochaetia;Spirochaetales;Spirochaetaceae,91,6,264,312,1929,4729,18,1392,10527,54068,1083,5,3844,314,6,24486,34250,179,13050,159,23,4582,9558,9,118,5,8489,1,5,3,9702,49,0,112819,10,1652,28456,20815,148,26187,1110,23,773,45,2115,599,1,3,402,247,66,9,26,5014,12266,1277,9617,3490,173,667,6,288,210,6938,154,9,3,0,20590,16766,115,1542,15451,7450,445,8,5455
Bacteria;Synergistetes;Synergistia;Synergistales;Synergistaceae,0,0,0,0,0,0,0,0,0,0,0,0,0,0,0,0,0,0,0,0,0,0,0,0,1,2,3753,0,3,0,0,0,0,0,0,0,0,0,1,1409,0,0,0,0,14,0,0,0,0,0,2,0,0,0,36,0,13,6,0,0,0,0,0,0,0,0,0,0,0,0,0,0,0,0,0,0,600
Bacteria;Tenericutes;Mollicutes;Acholeplasmatales;Acholeplasmataceae,0,0,0,52,0,0,0,0,0,0,0,0,91,277,0,9,97,295,6,55,0,31,0,0,5,0,30,0,0,0,4,21,0,63,0,43,5,49,131,31,0,0,191,0,19,1,8,0,52,3,108,1,0,472,89,11,772,45,0,0,0,157,38,1,8,0,0,1,16,8,0,9,324,0,3,0,16
Bacteria;Tenericutes;Mollicutes;Anaeroplasmatales;Anaeroplasmataceae,0,0,29,1,0,0,0,0,0,0,0,0,0,1,0,0,0,34,2,0,1,0,0,0,13,0,0,0,0,0,0,0,0,0,0,0,0,0,2,0,0,0,8,0,0,0,0,0,3,0,0,1,0,19,5,0,36,7,10,0,1,47,0,4,0,0,0,0,0,0,0,0,0,0,0,0,0
Bacteria;Tenericutes;Mollicutes;EMP-G18;EMP-G18_fa,0,1,72,0,0,0,0,0,0,0,24,0,0,1,0,7,0,59,2,0,0,0,1,0,9,0,0,0,0,0,0,0,0,4,0,0,0,0,0,0,0,0,20,0,5,0,0,0,16,9,10,1,0,15,7,0,66,30,64,4,1,88,0,0,46,0,0,0,0,0,0,0,0,3,0,0,0
Bacteria;Tenericutes;Mollicutes;Haloplasmatales;Haloplasmataceae,0,0,0,0,0,0,0,0,0,0,0,0,0,0,0,0,0,0,0,0,0,0,0,0,0,0,0,0,0,0,0,0,0,0,0,0,0,0,0,0,0,0,0,0,0,0,0,0,0,0,6,0,0,0,0,0,0,0,0,0,0,0,0,0,0,0,0,0,0,0,0,0,0,0,0,0,0
Bacteria;Tenericutes;Mollicutes;Izimaplasmatales;Izimaplasmatales_fa,0,0,48,2,0,0,0,0,0,7,10,0,0,15,0,8,9,0,2,0,3,2,0,0,0,0,2,0,0,0,1,1,0,81,0,37,0,1,116,2,0,0,50,0,1,0,0,1,0,7,1,0,0,279,27,3,485,29,55,0,0,0,0,1,0,0,0,0,3,0,0,0,38,0,0,0,0
Bacteria;Tenericutes;Mollicutes;Izimaplasmatales;Izimaplasmatales_unclassified,0,0,1,0,0,0,0,0,0,0,0,0,0,0,0,0,0,10,0,0,0,0,0,0,0,0,1,0,0,0,0,0,0,0,0,0,0,0,1,0,0,0,0,0,0,0,0,0,0,0,0,0,0,0,0,0,4,0,0,0,0,0,0,0,0,0,0,0,0,0,0,0,13,0,0,0,0
Bacteria;Tenericutes;Mollicutes;Mollicutes_RF39;Mollicutes_RF39_fa,0,0,180,2,51,93,4,26,1,0,2,0,10,180,0,10,33,346,90,4,9,5,7,0,50,0,10,0,0,0,1,11,0,6,0,71,45,174,60,14,24,191,97,58,127,21,19,2,51,159,60,10,46,147,44,3,683,170,309,28,16,422,19,119,105,0,1,0,24,31,90,16,56,3,1,0,1
Bacteria;Tenericutes;Mollicutes;Mollicutes_unclassified;Mollicutes_unclassified,19,1,71,198,37,123,1,51,1,2,4,0,46,194,0,1262,3,263,942,80,6,1,1067,0,3,2,768,0,0,0,671,8,0,23370,2,137,682,605,41,257,46,8,25,51,52,39,4,2,19,127,192,0,0,530,925,175,740,214,24,3,1,77,189,854,0,1,0,0,40,1351,26,68,287,8902,47,0,380
Bacteria;Tenericutes;Mollicutes;Mycoplasmatales;Mycoplasmataceae,51,1,82,0,26,6313,116,631,506,1930,3,1,4752,1001,1,400,287,1583,5436,17,3,2985,4506,1,3137,2,1594,0,1,1,2097,0,0,78363,3,176,2895,951,8,1185,1075,364,12153,12301,7687,5905,6,1,97,2635,15118,718,9,2370,8757,14507,70,554,2167,21,3,2,2,1941,234,1,20,1,2759,986,939,10599,3271,3170,2363,0,3
Bacteria;Tenericutes;Mollicutes;T2WK15B57;T2WK15B57_fa,0,0,7,0,0,0,0,0,0,0,0,0,0,0,0,0,0,0,0,0,0,0,0,0,0,0,0,0,0,0,0,0,0,0,0,0,0,0,0,0,0,0,0,0,0,0,0,0,0,0,0,0,0,0,0,0,0,2,0,0,0,0,0,0,0,0,0,0,0,0,0,0,0,0,0,0,0
Bacteria;Verrucomicrobia;Verrucomicrobiae;Chthoniobacterales;Terrimicrobiaceae,0,0,0,0,0,0,0,0,0,0,0,0,0,0,0,0,0,0,0,0,0,0,0,0,0,0,0,0,0,0,0,0,0,0,0,0,0,0,0,0,0,0,0,0,0,0,0,0,0,0,5,0,0,0,0,0,0,0,0,0,0,0,0,0,0,0,0,0,0,0,0,0,0,0,0,0,0
Bacteria;Verrucomicrobia;Verrucomicrobiae;Opitutales;Puniceicoccaceae,0,0,0,0,0,0,0,1,0,0,0,0,0,0,0,0,0,0,0,0,0,0,0,0,0,0,0,0,0,0,0,0,0,0,0,0,0,0,0,0,0,0,0,0,0,0,0,0,0,0,6,0,0,0,0,0,1,0,0,0,0,0,0,0,0,0,0,0,0,0,0,0,0,0,0,0,0
Bacteria;Verrucomicrobia;Verrucomicrobiae;Verrucomicrobiae_unclassified;Verrucomicrobiae_unclassified,0,0,0,0,0,0,0,0,0,0,0,0,0,0,0,0,0,0,0,0,0,0,0,0,0,0,0,0,0,0,0,0,0,0,0,0,0,0,0,0,0,0,0,0,0,0,0,0,0,0,0,0,0,0,0,0,1,2,0,0,0,0,0,0,0,0,0,0,0,0,0,0,0,0,0,0,0
Bacteria;Verrucomicrobia;Verrucomicrobiae;Verrucomicrobiales;Akkermansiaceae,0,2,125,0,0,0,0,5,0,0,0,0,3,16,0,0,23,71,22,1,15,0,4,0,8,0,7,0,0,0,0,7,0,0,0,0,1,0,12,0,0,24,34,0,10,0,19,0,3,4,7,1,37,9,1,0,261,83,216,23,1,43,0,3,35,0,0,0,9,7,22,0,47,0,1,0,0
Bacteria;Verrucomicrobia;Verrucomicrobiae;Verrucomicrobiales;Rubritaleaceae,0,0,0,0,0,0,0,0,0,0,0,0,0,0,0,0,0,0,1,0,0,0,0,0,0,0,0,0,0,0,0,0,0,0,0,0,0,0,0,0,0,0,0,0,0,0,0,0,0,0,0,0,0,0,0,0,0,0,0,0,0,0,0,0,0,0,0,0,0,0,0,0,0,0,0,0,0
Bacteria;Verrucomicrobia;Verrucomicrobiae;uncultured;uncultured_fa,0,0,0,0,0,0,0,0,0,0,0,0,0,0,0,0,0,15,0,0,0,0,0,0,0,0,0,0,0,0,0,0,0,0,0,0,0,0,0,0,0,0,0,0,0,0,0,0,0,0,0,0,0,0,0,0,0,0,0,0,0,0,0,0,0,0,0,0,0,0,0,0,0,0,0,0,0
Bacteria;WPS-2;WPS-2_cl;WPS-2_or;WPS-2_fa,0,0,0,0,0,0,0,0,0,0,0,0,0,0,0,0,0,0,0,0,0,0,0,0,0,0,0,0,0,0,0,0,0,0,0,4,0,0,0,0,0,0,0,0,0,0,0,0,1,0,1,0,0,0,0,0,25,0,0,0,0,0,17,0,0,0,0,0,0,0,0,0,0,0,0,0,0
unknown;unknown_unclassified;unknown_unclassified;unknown_unclassified;unknown_unclassified,0,0,0,0,0,1,0,1,0,0,0,0,1,0,0,1,0,0,2,0,0,1,5,0,0,1,0,0,0,0,2,0,0,9,0,0,4,0,0,0,0,0,0,0,2,0,0,0,0,1,1,0,0,0,4,8,0,0,0,0,0,0,0,0,0,0,0,0,5,0,0,0,0,1,1,0,0
